dataset,path,bytes,log_bytes,shard_idx,shard_total,mean_episode_steps,mean_reward_mean,mean_reward_max,mean_reward_final,mean_action_abs_mean,mean_action_std,mean_instruction_units,mean_instruction_unique,mean_terminal_rate,records_decoded,record_parse_ok,record_parse_error,tail_score,source_target,qtail_target,source_pred,qtail_pred
austin_buds_dataset_converted_externally_to_rlds,/Users/avalok/work/Q-TAIL-MVP/data/openx_demo/austin_buds_dataset_converted_externally_to_rlds/0.1.0/austin_buds_dataset_converted_externally_to_rlds-train.tfrecord-00000-of-00016,30536839,17.23444438154339,0.0,16.0,640.0,0.0015625000232830644,1.0,1.0,0.30992475152015686,0.5038445591926575,110.0,1.0,0.0015625,1,1,,0.6644975543022156,0.0001711938821244985,0.004207500256597996,0.0001739352592267096,0.004147381987422705
austin_buds_dataset_converted_externally_to_rlds,/Users/avalok/work/Q-TAIL-MVP/data/openx_demo/austin_buds_dataset_converted_externally_to_rlds/0.1.0/austin_buds_dataset_converted_externally_to_rlds-train.tfrecord-00001-of-00016,39517083,17.49224364269656,1.0,16.0,827.0,0.0012091898825019598,1.0,1.0,0.2964755892753601,0.4876174330711365,110.0,1.0,0.0012091898428053204,1,1,,0.664292573928833,0.00022153840109240264,0.004070610273629427,0.00022441345208790153,0.004216921050101519
austin_buds_dataset_converted_externally_to_rlds,/Users/avalok/work/Q-TAIL-MVP/data/openx_demo/austin_buds_dataset_converted_externally_to_rlds/0.1.0/austin_buds_dataset_converted_externally_to_rlds-train.tfrecord-00002-of-00016,221215409,19.21464749064705,2.0,16.0,639.0,0.0015649452107027173,1.0,1.0,0.31940150260925293,0.5111621022224426,110.0,1.0,0.001564945226917058,1,1,,0.5733233690261841,0.0012401650892570615,0.002340268576517701,0.0012385688023641706,0.0022418240550905466
austin_buds_dataset_converted_externally_to_rlds,/Users/avalok/work/Q-TAIL-MVP/data/openx_demo/austin_buds_dataset_converted_externally_to_rlds/0.1.0/austin_buds_dataset_converted_externally_to_rlds-train.tfrecord-00003-of-00016,153237251,18.84749794498127,3.0,16.0,671.0,0.001490312977693975,1.0,1.0,0.31154781579971313,0.5019415020942688,110.0,1.0,0.0014903129657228018,1,1,,0.6031476259231567,0.0008590698707848787,0.002572756726294756,0.0008637916180305183,0.002652473747730255
austin_buds_dataset_converted_externally_to_rlds,/Users/avalok/work/Q-TAIL-MVP/data/openx_demo/austin_buds_dataset_converted_externally_to_rlds/0.1.0/austin_buds_dataset_converted_externally_to_rlds-train.tfrecord-00004-of-00016,195518261,19.091164344791792,4.0,16.0,640.0,0.0015625000232830644,1.0,1.0,0.32278186082839966,0.5150001049041748,110.0,1.0,0.0015625,1,1,,0.59769207239151,0.0010961032239720225,0.002521742833778262,0.0010984120890498161,0.002577828709036112
austin_buds_dataset_converted_externally_to_rlds,/Users/avalok/work/Q-TAIL-MVP/data/openx_demo/austin_buds_dataset_converted_externally_to_rlds/0.1.0/austin_buds_dataset_converted_externally_to_rlds-train.tfrecord-00005-of-00016,65040824,17.990525707625228,5.0,16.0,708.0,0.0014124293811619282,1.0,1.0,0.29355067014694214,0.48904091119766235,110.0,1.0,0.0014124293785310734,1,1,,0.6686224937438965,0.00036462812568061054,0.004447707440704107,0.00036567787174135447,0.004400864243507385
austin_buds_dataset_converted_externally_to_rlds,/Users/avalok/work/Q-TAIL-MVP/data/openx_demo/austin_buds_dataset_converted_externally_to_rlds/0.1.0/austin_buds_dataset_converted_externally_to_rlds-train.tfrecord-00006-of-00016,56816675,17.85534043215111,6.0,16.0,550.0,0.001818181830458343,1.0,1.0,0.33735135197639465,0.5286787748336792,110.0,1.0,0.0018181818181818182,1,1,,0.6800693869590759,0.0003185223904438317,0.00465778075158596,0.0003160105843562633,0.004717907402664423
austin_buds_dataset_converted_externally_to_rlds,/Users/avalok/work/Q-TAIL-MVP/data/openx_demo/austin_buds_dataset_converted_externally_to_rlds/0.1.0/austin_buds_dataset_converted_externally_to_rlds-train.tfrecord-00007-of-00016,61785037,17.93917178955625,7.0,16.0,688.0,0.0014534883666783571,1.0,1.0,0.3097016215324402,0.5022217631340027,110.0,1.0,0.0014534883720930232,1,1,,0.6885567903518677,0.00034637574572116137,0.005374355241656303,0.00034596360637806356,0.0051594870164990425
austin_buds_dataset_converted_externally_to_rlds,/Users/avalok/work/Q-TAIL-MVP/data/openx_demo/austin_buds_dataset_converted_externally_to_rlds/0.1.0/austin_buds_dataset_converted_externally_to_rlds-train.tfrecord-00008-of-00016,35157866,17.375358963412012,8.0,16.0,746.0,0.0013404826167970896,1.0,1.0,0.31794002652168274,0.5066230297088623,110.0,1.0,0.0013404825737265416,1,1,,0.7300825715065002,0.00019710001652128994,0.007208944298326969,0.00019606192654464394,0.006973095703870058
austin_buds_dataset_converted_externally_to_rlds,/Users/avalok/work/Q-TAIL-MVP/data/openx_demo/austin_buds_dataset_converted_externally_to_rlds/0.1.0/austin_buds_dataset_converted_externally_to_rlds-train.tfrecord-00009-of-00016,30442525,17.23135107043208,9.0,16.0,643.0,0.0015552099794149399,1.0,1.0,0.3177090883255005,0.5096192359924316,110.0,1.0,0.0015552099533437014,1,1,,0.7436169981956482,0.00017066513828467578,0.0072783175855875015,0.00016829444211907685,0.007375633344054222
austin_buds_dataset_converted_externally_to_rlds,/Users/avalok/work/Q-TAIL-MVP/data/openx_demo/austin_buds_dataset_converted_externally_to_rlds/0.1.0/austin_buds_dataset_converted_externally_to_rlds-train.tfrecord-00010-of-00016,160497812,18.893790874273282,10.0,16.0,675.0,0.00148148147854954,1.0,1.0,0.3169306218624115,0.5060539245605469,110.0,1.0,0.0014814814814814814,1,1,,0.6620512008666992,0.0008997736149467528,0.004176880698651075,0.0009031397639773786,0.004199042916297913
austin_buds_dataset_converted_externally_to_rlds,/Users/avalok/work/Q-TAIL-MVP/data/openx_demo/austin_buds_dataset_converted_externally_to_rlds/0.1.0/austin_buds_dataset_converted_externally_to_rlds-train.tfrecord-00011-of-00016,29105413,17.186434762946885,11.0,16.0,623.0,0.0016051364364102483,1.0,1.0,0.31802335381507874,0.5057662725448608,110.0,1.0,0.0016051364365971107,1,1,,0.7628889679908752,0.00016316909750457853,0.00758530804887414,0.0001597810914972797,0.008259878493845463
austin_buds_dataset_converted_externally_to_rlds,/Users/avalok/work/Q-TAIL-MVP/data/openx_demo/austin_buds_dataset_converted_externally_to_rlds/0.1.0/austin_buds_dataset_converted_externally_to_rlds-train.tfrecord-00012-of-00016,32406363,17.29386538122781,12.0,16.0,694.0,0.0014409221475943923,1.0,1.0,0.33169323205947876,0.5207942724227905,110.0,1.0,0.001440922190201729,1,1,,0.7682338356971741,0.00018167469534091651,0.009316290728747845,0.00017797898908611387,0.00878437701612711
austin_buds_dataset_converted_externally_to_rlds,/Users/avalok/work/Q-TAIL-MVP/data/openx_demo/austin_buds_dataset_converted_externally_to_rlds/0.1.0/austin_buds_dataset_converted_externally_to_rlds-train.tfrecord-00013-of-00016,121117830,18.61227443963309,13.0,16.0,731.0,0.001367989112623036,1.0,1.0,0.3045065402984619,0.4959338903427124,110.0,1.0,0.0013679890560875513,1,1,,0.7052834630012512,0.0006790038314647973,0.005805836524814367,0.0006797401001676917,0.005835449323058128
austin_buds_dataset_converted_externally_to_rlds,/Users/avalok/work/Q-TAIL-MVP/data/openx_demo/austin_buds_dataset_converted_externally_to_rlds/0.1.0/austin_buds_dataset_converted_externally_to_rlds-train.tfrecord-00014-of-00016,234452343,19.27276290131724,14.0,16.0,713.0,0.001402524532750249,1.0,1.0,0.325347900390625,0.5149040222167969,110.0,1.0,0.001402524544179523,1,1,,0.6775224804878235,0.0013143733376637101,0.00482088141143322,0.001302481396123767,0.004762465134263039
austin_buds_dataset_converted_externally_to_rlds,/Users/avalok/work/Q-TAIL-MVP/data/openx_demo/austin_buds_dataset_converted_externally_to_rlds/0.1.0/austin_buds_dataset_converted_externally_to_rlds-train.tfrecord-00015-of-00016,137363934,18.738144421493196,15.0,16.0,671.0,0.001490312977693975,1.0,1.0,0.3233267366886139,0.5141710042953491,110.0,1.0,0.0014903129657228018,1,1,,0.7143315076828003,0.000770081824157387,0.005954694468528032,0.0007668597972951829,0.006088118068873882
austin_sirius_dataset_converted_externally_to_rlds,/Users/avalok/work/Q-TAIL-MVP/data/openx_demo/austin_sirius_dataset_converted_externally_to_rlds/0.1.0/austin_sirius_dataset_converted_externally_to_rlds-train.tfrecord-00000-of-00064,178205997,18.998450731244862,0.0,64.0,478.0,0.0020920501556247473,1.0,1.0,0.21023431420326233,0.3990248441696167,65.0,1.0,0.0020920502092050207,1,1,,0.49363961815834045,0.0009990482358261943,0.0013122913660481572,0.0009934367844834924,0.0013472024584189057
austin_sirius_dataset_converted_externally_to_rlds,/Users/avalok/work/Q-TAIL-MVP/data/openx_demo/austin_sirius_dataset_converted_externally_to_rlds/0.1.0/austin_sirius_dataset_converted_externally_to_rlds-train.tfrecord-00001-of-00064,128092870,18.66826611348384,1.0,64.0,559.0,0.001788908732123673,1.0,1.0,0.21333080530166626,0.400418221950531,65.0,1.0,0.0017889087656529517,1,1,,0.5173133015632629,0.0007181069231592119,0.0015649650013074279,0.000714530237019062,0.0015363083221018314
austin_sirius_dataset_converted_externally_to_rlds,/Users/avalok/work/Q-TAIL-MVP/data/openx_demo/austin_sirius_dataset_converted_externally_to_rlds/0.1.0/austin_sirius_dataset_converted_externally_to_rlds-train.tfrecord-00002-of-00064,145706345,18.797103825467445,2.0,64.0,358.0,0.002793296007439494,1.0,1.0,0.22173303365707397,0.40991729497909546,65.0,1.0,0.002793296089385475,1,1,,0.5031458735466003,0.0008168505737558007,0.0013520005159080029,0.0008107799221761525,0.0014181829756125808
austin_sirius_dataset_converted_externally_to_rlds,/Users/avalok/work/Q-TAIL-MVP/data/openx_demo/austin_sirius_dataset_converted_externally_to_rlds/0.1.0/austin_sirius_dataset_converted_externally_to_rlds-train.tfrecord-00003-of-00064,79848385,18.195640219521827,3.0,64.0,628.0,0.0015923567116260529,1.0,1.0,0.2387632131576538,0.4251493811607361,80.0,1.0,0.0015923566878980893,1,1,,0.5534344911575317,0.0004476414469536394,0.0019579825457185507,0.0004475493333302438,0.0019326666370034218
austin_sirius_dataset_converted_externally_to_rlds,/Users/avalok/work/Q-TAIL-MVP/data/openx_demo/austin_sirius_dataset_converted_externally_to_rlds/0.1.0/austin_sirius_dataset_converted_externally_to_rlds-train.tfrecord-00004-of-00064,183448746,19.027445878543276,4.0,64.0,523.0,0.001912045874632895,1.0,1.0,0.21143807470798492,0.39711451530456543,65.0,1.0,0.0019120458891013384,1,1,,0.5026949644088745,0.0010284398449584842,0.0013998673530295491,0.0010244922013953328,0.0014400414656847715
austin_sirius_dataset_converted_externally_to_rlds,/Users/avalok/work/Q-TAIL-MVP/data/openx_demo/austin_sirius_dataset_converted_externally_to_rlds/0.1.0/austin_sirius_dataset_converted_externally_to_rlds-train.tfrecord-00005-of-00064,86644752,18.27732701833974,5.0,64.0,481.0,0.0020790020935237408,1.0,1.0,0.21156564354896545,0.3973841965198517,65.0,1.0,0.002079002079002079,1,1,,0.5443156361579895,0.00048574284301139414,0.0018504166509956121,0.00048295894521288574,0.0018263069214299321
austin_sirius_dataset_converted_externally_to_rlds,/Users/avalok/work/Q-TAIL-MVP/data/openx_demo/austin_sirius_dataset_converted_externally_to_rlds/0.1.0/austin_sirius_dataset_converted_externally_to_rlds-train.tfrecord-00006-of-00064,33067643,17.31406583960182,6.0,64.0,541.0,0.0018484288593754172,1.0,1.0,0.19417084753513336,0.3862210810184479,65.0,1.0,0.0018484288354898336,1,1,,0.601657509803772,0.00018538192671258003,0.0023635830730199814,0.00018760631792247295,0.0023502169642597437
austin_sirius_dataset_converted_externally_to_rlds,/Users/avalok/work/Q-TAIL-MVP/data/openx_demo/austin_sirius_dataset_converted_externally_to_rlds/0.1.0/austin_sirius_dataset_converted_externally_to_rlds-train.tfrecord-00007-of-00064,126228343,18.653603078733063,7.0,64.0,422.0,0.002369668334722519,1.0,1.0,0.21960727870464325,0.40522846579551697,65.0,1.0,0.002369668246445498,1,1,,0.5253872275352478,0.0007076541078276932,0.0016682014102116227,0.0007042752695269883,0.0016454344149678946
austin_sirius_dataset_converted_externally_to_rlds,/Users/avalok/work/Q-TAIL-MVP/data/openx_demo/austin_sirius_dataset_converted_externally_to_rlds/0.1.0/austin_sirius_dataset_converted_externally_to_rlds-train.tfrecord-00008-of-00064,61369496,17.932423478144628,8.0,64.0,419.0,0.00238663493655622,1.0,1.0,0.3355497717857361,0.5272343158721924,65.0,1.0,0.002386634844868735,1,1,,0.5688802003860474,0.0003440461587160826,0.002060085767880082,0.00034125777892768383,0.00210140785202384
austin_sirius_dataset_converted_externally_to_rlds,/Users/avalok/work/Q-TAIL-MVP/data/openx_demo/austin_sirius_dataset_converted_externally_to_rlds/0.1.0/austin_sirius_dataset_converted_externally_to_rlds-train.tfrecord-00009-of-00064,139190968,18.75135742588637,9.0,64.0,578.0,0.0017301038606092334,1.0,1.0,0.24884365499019623,0.4339044392108917,80.0,1.0,0.0017301038062283738,1,1,,0.5344316363334656,0.0007803244516253471,0.001779529731720686,0.0007825489155948162,0.0017602058360353112
austin_sirius_dataset_converted_externally_to_rlds,/Users/avalok/work/Q-TAIL-MVP/data/openx_demo/austin_sirius_dataset_converted_externally_to_rlds/0.1.0/austin_sirius_dataset_converted_externally_to_rlds-train.tfrecord-00010-of-00064,105126914,18.470678892500505,10.0,64.0,548.0,0.0018248175038024783,1.0,1.0,0.23199698328971863,0.41129592061042786,65.0,1.0,0.0018248175182481751,1,1,,0.5476778149604797,0.0005893564666621387,0.001919670612551272,0.0005882938858121634,0.0018830266781151295
austin_sirius_dataset_converted_externally_to_rlds,/Users/avalok/work/Q-TAIL-MVP/data/openx_demo/austin_sirius_dataset_converted_externally_to_rlds/0.1.0/austin_sirius_dataset_converted_externally_to_rlds-train.tfrecord-00011-of-00064,163604133,18.91296025076232,11.0,64.0,470.0,0.0021276595070958138,1.0,1.0,0.22675125300884247,0.40914979577064514,65.0,1.0,0.002127659574468085,1,1,,0.5222623348236084,0.000917188124731183,0.0016675456427037716,0.0009146614465862513,0.0016429558163508773
austin_sirius_dataset_converted_externally_to_rlds,/Users/avalok/work/Q-TAIL-MVP/data/openx_demo/austin_sirius_dataset_converted_externally_to_rlds/0.1.0/austin_sirius_dataset_converted_externally_to_rlds-train.tfrecord-00012-of-00064,163452982,18.912035941197388,12.0,64.0,486.0,0.002057613106444478,1.0,1.0,0.2488204538822174,0.43243303894996643,80.0,1.0,0.00205761316872428,1,1,,0.5284876823425293,0.0009163407376036048,0.0017431314336135983,0.0009175607701763511,0.0017253573751077056
austin_sirius_dataset_converted_externally_to_rlds,/Users/avalok/work/Q-TAIL-MVP/data/openx_demo/austin_sirius_dataset_converted_externally_to_rlds/0.1.0/austin_sirius_dataset_converted_externally_to_rlds-train.tfrecord-00013-of-00064,82559771,18.229033098065806,13.0,64.0,516.0,0.0019379844889044762,1.0,1.0,0.2524561285972595,0.43614697456359863,80.0,1.0,0.001937984496124031,1,1,,0.5695164203643799,0.0004628418537322432,0.0021013589575886726,0.00046308900346048176,0.002115396084263921
austin_sirius_dataset_converted_externally_to_rlds,/Users/avalok/work/Q-TAIL-MVP/data/openx_demo/austin_sirius_dataset_converted_externally_to_rlds/0.1.0/austin_sirius_dataset_converted_externally_to_rlds-train.tfrecord-00014-of-00064,126114351,18.652699608891766,14.0,64.0,465.0,0.0021505376789718866,1.0,1.0,0.364239901304245,0.5338881015777588,80.0,1.0,0.002150537634408602,1,1,,0.5478100180625916,0.0007070150459185243,0.0019613110926002264,0.0007082663360051811,0.0019328435882925987
austin_sirius_dataset_converted_externally_to_rlds,/Users/avalok/work/Q-TAIL-MVP/data/openx_demo/austin_sirius_dataset_converted_externally_to_rlds/0.1.0/austin_sirius_dataset_converted_externally_to_rlds-train.tfrecord-00015-of-00064,126524875,18.655949495020465,15.0,64.0,518.0,0.00193050189409405,1.0,1.0,0.22240415215492249,0.4109819829463959,65.0,1.0,0.0019305019305019305,1,1,,0.5471659302711487,0.0007093165186233819,0.0019369315123185515,0.0007090878789313138,0.0018996696453541517
austin_sirius_dataset_converted_externally_to_rlds,/Users/avalok/work/Q-TAIL-MVP/data/openx_demo/austin_sirius_dataset_converted_externally_to_rlds/0.1.0/austin_sirius_dataset_converted_externally_to_rlds-train.tfrecord-00016-of-00064,139414239,18.752960203153872,16.0,64.0,466.0,0.0021459227427840233,1.0,1.0,0.22974997758865356,0.4195532500743866,65.0,1.0,0.002145922746781116,1,1,,0.5419173240661621,0.0007815760909579694,0.0018993080593645573,0.0007806541980244219,0.0018551369430497289
austin_sirius_dataset_converted_externally_to_rlds,/Users/avalok/work/Q-TAIL-MVP/data/openx_demo/austin_sirius_dataset_converted_externally_to_rlds/0.1.0/austin_sirius_dataset_converted_externally_to_rlds-train.tfrecord-00017-of-00064,40951621,17.527901976758535,17.0,64.0,478.0,0.0020920501556247473,1.0,1.0,0.23977285623550415,0.4221995174884796,80.0,1.0,0.0020920502092050207,1,1,,0.61494380235672,0.0002295806334586814,0.0025763106532394886,0.00022944614465814084,0.002501377370208502
austin_sirius_dataset_converted_externally_to_rlds,/Users/avalok/work/Q-TAIL-MVP/data/openx_demo/austin_sirius_dataset_converted_externally_to_rlds/0.1.0/austin_sirius_dataset_converted_externally_to_rlds-train.tfrecord-00018-of-00064,188456895,19.054379870268715,18.0,64.0,487.0,0.002053388161584735,1.0,1.0,0.24322466552257538,0.4286673963069916,80.0,1.0,0.002053388090349076,1,1,,0.5337623357772827,0.0010565161937847733,0.0018382833804935217,0.001057595363818109,0.0018132419791072607
austin_sirius_dataset_converted_externally_to_rlds,/Users/avalok/work/Q-TAIL-MVP/data/openx_demo/austin_sirius_dataset_converted_externally_to_rlds/0.1.0/austin_sirius_dataset_converted_externally_to_rlds-train.tfrecord-00019-of-00064,70540644,18.071699626478605,19.0,64.0,460.0,0.0021739129442721605,1.0,1.0,0.229599267244339,0.41164499521255493,65.0,1.0,0.002173913043478261,1,1,,0.5855587124824524,0.0003954609273932874,0.0022151367738842964,0.0003942434268537909,0.002219773130491376
austin_sirius_dataset_converted_externally_to_rlds,/Users/avalok/work/Q-TAIL-MVP/data/openx_demo/austin_sirius_dataset_converted_externally_to_rlds/0.1.0/austin_sirius_dataset_converted_externally_to_rlds-train.tfrecord-00020-of-00064,100093264,18.421612959304582,20.0,64.0,425.0,0.002352941082790494,1.0,1.0,0.2164427787065506,0.40567073225975037,65.0,1.0,0.002352941176470588,1,1,,0.5666943192481995,0.0005611371016129851,0.002086835913360119,0.0005600648582912982,0.0020725373178720474
austin_sirius_dataset_converted_externally_to_rlds,/Users/avalok/work/Q-TAIL-MVP/data/openx_demo/austin_sirius_dataset_converted_externally_to_rlds/0.1.0/austin_sirius_dataset_converted_externally_to_rlds-train.tfrecord-00021-of-00064,103823718,18.458205009336112,21.0,64.0,547.0,0.0018281536176800728,1.0,1.0,0.2394096404314041,0.4273209571838379,80.0,1.0,0.0018281535648994515,1,1,,0.5754876136779785,0.0005820505903102458,0.00216724444180727,0.0005847823340445757,0.002204866148531437
austin_sirius_dataset_converted_externally_to_rlds,/Users/avalok/work/Q-TAIL-MVP/data/openx_demo/austin_sirius_dataset_converted_externally_to_rlds/0.1.0/austin_sirius_dataset_converted_externally_to_rlds-train.tfrecord-00022-of-00064,35074454,17.372983645699506,22.0,64.0,406.0,0.002463054144755006,1.0,1.0,0.3479152023792267,0.5375417470932007,65.0,1.0,0.0024630541871921183,1,1,,0.6297298073768616,0.00019663239072542638,0.002736172638833523,0.00019479228649288416,0.0027636687736958265
austin_sirius_dataset_converted_externally_to_rlds,/Users/avalok/work/Q-TAIL-MVP/data/openx_demo/austin_sirius_dataset_converted_externally_to_rlds/0.1.0/austin_sirius_dataset_converted_externally_to_rlds-train.tfrecord-00023-of-00064,89276521,18.307249099745277,23.0,64.0,418.0,0.0023923444095999002,1.0,1.0,0.38649648427963257,0.5486672520637512,80.0,1.0,0.0023923444976076554,1,1,,0.584478497505188,0.0005004969425499439,0.002216497901827097,0.0004994724877178669,0.0022734126541763544
austin_sirius_dataset_converted_externally_to_rlds,/Users/avalok/work/Q-TAIL-MVP/data/openx_demo/austin_sirius_dataset_converted_externally_to_rlds/0.1.0/austin_sirius_dataset_converted_externally_to_rlds-train.tfrecord-00024-of-00064,153049843,18.84627420408043,24.0,64.0,587.0,0.001703577465377748,1.0,1.0,0.23417356610298157,0.4170376658439636,65.0,1.0,0.0017035775127768314,1,1,,0.5591927170753479,0.0008580192807130516,0.002114088274538517,0.0008598213898949325,0.0020751142874360085
austin_sirius_dataset_converted_externally_to_rlds,/Users/avalok/work/Q-TAIL-MVP/data/openx_demo/austin_sirius_dataset_converted_externally_to_rlds/0.1.0/austin_sirius_dataset_converted_externally_to_rlds-train.tfrecord-00025-of-00064,157576332,18.875420552791415,25.0,64.0,471.0,0.002123142359778285,1.0,1.0,0.24771010875701904,0.42838525772094727,80.0,1.0,0.0021231422505307855,1,1,,0.5582314729690552,0.000883395376149565,0.0021198256872594357,0.0008859761874191463,0.0020730863325297832
austin_sirius_dataset_converted_externally_to_rlds,/Users/avalok/work/Q-TAIL-MVP/data/openx_demo/austin_sirius_dataset_converted_externally_to_rlds/0.1.0/austin_sirius_dataset_converted_externally_to_rlds-train.tfrecord-00026-of-00064,26723619,17.10105837649818,26.0,64.0,508.0,0.0019685039296746254,1.0,1.0,0.20365464687347412,0.387922465801239,65.0,1.0,0.001968503937007874,1,1,,0.6558704972267151,0.00014981642016209662,0.003361430484801531,0.00015104941849131137,0.003422569017857313
austin_sirius_dataset_converted_externally_to_rlds,/Users/avalok/work/Q-TAIL-MVP/data/openx_demo/austin_sirius_dataset_converted_externally_to_rlds/0.1.0/austin_sirius_dataset_converted_externally_to_rlds-train.tfrecord-00027-of-00064,108085281,18.498431121628574,27.0,64.0,439.0,0.002277904422953725,1.0,1.0,0.22220519185066223,0.4061501622200012,65.0,1.0,0.002277904328018223,1,1,,0.5785249471664429,0.0006059415172785521,0.0021860452834516764,0.0006058709695935249,0.0021967801731079817
austin_sirius_dataset_converted_externally_to_rlds,/Users/avalok/work/Q-TAIL-MVP/data/openx_demo/austin_sirius_dataset_converted_externally_to_rlds/0.1.0/austin_sirius_dataset_converted_externally_to_rlds-train.tfrecord-00028-of-00064,127850133,18.666369307804167,28.0,64.0,893.0,0.0011198208667337894,1.0,1.0,0.28345629572868347,0.4719206690788269,80.0,1.0,0.0011198208286674132,1,1,,0.5904432535171509,0.0007167460862547159,0.0023683372419327497,0.0007272625807672739,0.0024736416526138783
austin_sirius_dataset_converted_externally_to_rlds,/Users/avalok/work/Q-TAIL-MVP/data/openx_demo/austin_sirius_dataset_converted_externally_to_rlds/0.1.0/austin_sirius_dataset_converted_externally_to_rlds-train.tfrecord-00029-of-00064,158780489,18.883033240287467,29.0,64.0,668.0,0.001497006043791771,1.0,1.0,0.2588150203227997,0.4478839635848999,80.0,1.0,0.0014970059880239522,1,1,,0.574203372001648,0.0008901460678316653,0.0022431618999689817,0.0008972928626462817,0.002274493919685483
austin_sirius_dataset_converted_externally_to_rlds,/Users/avalok/work/Q-TAIL-MVP/data/openx_demo/austin_sirius_dataset_converted_externally_to_rlds/0.1.0/austin_sirius_dataset_converted_externally_to_rlds-train.tfrecord-00030-of-00064,67857349,18.032918265570522,30.0,64.0,675.0,0.00148148147854954,1.0,1.0,0.27686646580696106,0.4673864245414734,80.0,1.0,0.0014814814814814814,1,1,,0.623599112033844,0.00038041797233745456,0.0027356597129255533,0.00038326182402670383,0.002784529933705926
austin_sirius_dataset_converted_externally_to_rlds,/Users/avalok/work/Q-TAIL-MVP/data/openx_demo/austin_sirius_dataset_converted_externally_to_rlds/0.1.0/austin_sirius_dataset_converted_externally_to_rlds-train.tfrecord-00031-of-00064,88569422,18.299297243143343,31.0,64.0,402.0,0.002487562131136656,1.0,1.0,0.21769832074642181,0.40397894382476807,65.0,1.0,0.0024875621890547263,1,1,,0.5962947010993958,0.000496532826218754,0.002319736871868372,0.0004953352618031204,0.0023028822615742683
austin_sirius_dataset_converted_externally_to_rlds,/Users/avalok/work/Q-TAIL-MVP/data/openx_demo/austin_sirius_dataset_converted_externally_to_rlds/0.1.0/austin_sirius_dataset_converted_externally_to_rlds-train.tfrecord-00032-of-00064,37058369,17.428004795123513,32.0,64.0,492.0,0.0020325202494859695,1.0,1.0,0.246476948261261,0.4317609965801239,80.0,1.0,0.0020325203252032522,1,1,,0.6539855599403381,0.00020775450684595853,0.0033076517283916473,0.00020683353068307042,0.0033746606204658747
austin_sirius_dataset_converted_externally_to_rlds,/Users/avalok/work/Q-TAIL-MVP/data/openx_demo/austin_sirius_dataset_converted_externally_to_rlds/0.1.0/austin_sirius_dataset_converted_externally_to_rlds-train.tfrecord-00033-of-00064,145671702,18.796866038164783,33.0,64.0,499.0,0.0020040080416947603,1.0,1.0,0.2518351078033447,0.4352451264858246,80.0,1.0,0.002004008016032064,1,1,,0.5813562870025635,0.0008166563347913325,0.0022810036316514015,0.000820348912384361,0.002321970649063587
austin_sirius_dataset_converted_externally_to_rlds,/Users/avalok/work/Q-TAIL-MVP/data/openx_demo/austin_sirius_dataset_converted_externally_to_rlds/0.1.0/austin_sirius_dataset_converted_externally_to_rlds-train.tfrecord-00034-of-00064,146968635,18.805729761434193,34.0,64.0,582.0,0.0017182130832225084,1.0,1.0,0.2373354136943817,0.4255867004394531,80.0,1.0,0.001718213058419244,1,1,,0.5861186385154724,0.0008239271119236946,0.002386373234912753,0.0008294027065858245,0.0023980713449418545
austin_sirius_dataset_converted_externally_to_rlds,/Users/avalok/work/Q-TAIL-MVP/data/openx_demo/austin_sirius_dataset_converted_externally_to_rlds/0.1.0/austin_sirius_dataset_converted_externally_to_rlds-train.tfrecord-00035-of-00064,88643543,18.30013376211345,35.0,64.0,457.0,0.002188183832913637,1.0,1.0,0.21645709872245789,0.40066051483154297,65.0,1.0,0.002188183807439825,1,1,,0.6076733469963074,0.0004969483707100153,0.0025512867141515017,0.0004968904540874064,0.002461386611685157
austin_sirius_dataset_converted_externally_to_rlds,/Users/avalok/work/Q-TAIL-MVP/data/openx_demo/austin_sirius_dataset_converted_externally_to_rlds/0.1.0/austin_sirius_dataset_converted_externally_to_rlds-train.tfrecord-00036-of-00064,51339588,17.753972727921386,36.0,64.0,506.0,0.0019762846641242504,1.0,1.0,0.25123968720436096,0.4331815838813782,80.0,1.0,0.001976284584980237,1,1,,0.6454746723175049,0.0002878170635085553,0.0031303702853620052,0.00028681615367531776,0.0031612052116543055
austin_sirius_dataset_converted_externally_to_rlds,/Users/avalok/work/Q-TAIL-MVP/data/openx_demo/austin_sirius_dataset_converted_externally_to_rlds/0.1.0/austin_sirius_dataset_converted_externally_to_rlds-train.tfrecord-00037-of-00064,129089265,18.676014707511193,37.0,64.0,420.0,0.0023809524718672037,1.0,1.0,0.37489351630210876,0.5400415658950806,80.0,1.0,0.002380952380952381,1,1,,0.5948076248168945,0.0007236928213387728,0.002375520532950759,0.0007251142524182796,0.0024128840304911137
austin_sirius_dataset_converted_externally_to_rlds,/Users/avalok/work/Q-TAIL-MVP/data/openx_demo/austin_sirius_dataset_converted_externally_to_rlds/0.1.0/austin_sirius_dataset_converted_externally_to_rlds-train.tfrecord-00038-of-00064,72107164,18.093663973184576,38.0,64.0,460.0,0.0021739129442721605,1.0,1.0,0.20987367630004883,0.400725781917572,65.0,1.0,0.002173913043478261,1,1,,0.6256604194641113,0.00040424303733743727,0.002757888985797763,0.00040344949229620397,0.0027325511910021305
austin_sirius_dataset_converted_externally_to_rlds,/Users/avalok/work/Q-TAIL-MVP/data/openx_demo/austin_sirius_dataset_converted_externally_to_rlds/0.1.0/austin_sirius_dataset_converted_externally_to_rlds-train.tfrecord-00039-of-00064,49148402,17.710354911659266,39.0,64.0,554.0,0.001805054140277207,1.0,1.0,0.25309935212135315,0.43667611479759216,80.0,1.0,0.0018050541516245488,1,1,,0.6563937664031982,0.0002755329478532076,0.0034833226818591356,0.0002751232823356986,0.003507073502987623
austin_sirius_dataset_converted_externally_to_rlds,/Users/avalok/work/Q-TAIL-MVP/data/openx_demo/austin_sirius_dataset_converted_externally_to_rlds/0.1.0/austin_sirius_dataset_converted_externally_to_rlds-train.tfrecord-00040-of-00064,69783294,18.060905212441845,40.0,64.0,651.0,0.0015360983088612556,1.0,1.0,0.2230670154094696,0.4069514572620392,65.0,1.0,0.0015360983102918587,1,1,,0.6393465399742126,0.0003912151150871068,0.003085183212533593,0.0003937707224395126,0.003077820874750614
austin_sirius_dataset_converted_externally_to_rlds,/Users/avalok/work/Q-TAIL-MVP/data/openx_demo/austin_sirius_dataset_converted_externally_to_rlds/0.1.0/austin_sirius_dataset_converted_externally_to_rlds-train.tfrecord-00041-of-00064,142053375,18.771713432261535,41.0,64.0,544.0,0.0018382353009656072,1.0,1.0,0.19487248361110687,0.3831557333469391,65.0,1.0,0.001838235294117647,1,1,,0.5982534885406494,0.0007963714888319373,0.0025199586525559425,0.0007980312802828848,0.0024902746081352234
austin_sirius_dataset_converted_externally_to_rlds,/Users/avalok/work/Q-TAIL-MVP/data/openx_demo/austin_sirius_dataset_converted_externally_to_rlds/0.1.0/austin_sirius_dataset_converted_externally_to_rlds-train.tfrecord-00042-of-00064,34344894,17.35196394841188,42.0,64.0,463.0,0.0021598271559923887,1.0,1.0,0.24857664108276367,0.4293592572212219,80.0,1.0,0.0021598272138228943,1,1,,0.6787493824958801,0.00019254237122368068,0.004597541876137257,0.00019060412887483835,0.004383894149214029
austin_sirius_dataset_converted_externally_to_rlds,/Users/avalok/work/Q-TAIL-MVP/data/openx_demo/austin_sirius_dataset_converted_externally_to_rlds/0.1.0/austin_sirius_dataset_converted_externally_to_rlds-train.tfrecord-00043-of-00064,112918151,18.542173795647102,43.0,64.0,481.0,0.0020790020935237408,1.0,1.0,0.22304028272628784,0.41038036346435547,65.0,1.0,0.002079002079002079,1,1,,0.6130973100662231,0.000633035262580961,0.002665881998836994,0.0006339801475405693,0.0025861901231110096
austin_sirius_dataset_converted_externally_to_rlds,/Users/avalok/work/Q-TAIL-MVP/data/openx_demo/austin_sirius_dataset_converted_externally_to_rlds/0.1.0/austin_sirius_dataset_converted_externally_to_rlds-train.tfrecord-00044-of-00064,238347464,19.289240103938663,44.0,64.0,563.0,0.0017761989729478955,1.0,1.0,0.23954415321350098,0.42855337262153625,80.0,1.0,0.0017761989342806395,1,1,,0.5807755589485168,0.0013362099416553974,0.002414792077615857,0.0013304086169227958,0.0024723804090172052
austin_sirius_dataset_converted_externally_to_rlds,/Users/avalok/work/Q-TAIL-MVP/data/openx_demo/austin_sirius_dataset_converted_externally_to_rlds/0.1.0/austin_sirius_dataset_converted_externally_to_rlds-train.tfrecord-00045-of-00064,100189538,18.422574339967248,45.0,64.0,529.0,0.0018903592135757208,1.0,1.0,0.21560868620872498,0.3993808329105377,65.0,1.0,0.001890359168241966,1,1,,0.6259012222290039,0.0005616768612526357,0.0028183262329548597,0.0005632839747704566,0.0027958976570516825
austin_sirius_dataset_converted_externally_to_rlds,/Users/avalok/work/Q-TAIL-MVP/data/openx_demo/austin_sirius_dataset_converted_externally_to_rlds/0.1.0/austin_sirius_dataset_converted_externally_to_rlds-train.tfrecord-00046-of-00064,39725737,17.49750984793633,46.0,64.0,467.0,0.0021413275972008705,1.0,1.0,0.2180783450603485,0.40597525238990784,65.0,1.0,0.0021413276231263384,1,1,,0.6763368248939514,0.00022270814224611968,0.00448984419927001,0.0002208679507020861,0.004415495786815882
austin_sirius_dataset_converted_externally_to_rlds,/Users/avalok/work/Q-TAIL-MVP/data/openx_demo/austin_sirius_dataset_converted_externally_to_rlds/0.1.0/austin_sirius_dataset_converted_externally_to_rlds-train.tfrecord-00047-of-00064,180013743,19.008543761495105,47.0,64.0,544.0,0.0018382353009656072,1.0,1.0,0.2479812353849411,0.4367806911468506,80.0,1.0,0.001838235294117647,1,1,,0.6021633148193359,0.001009182771667838,0.0026081809774041176,0.001011060317978263,0.002633030992001295
austin_sirius_dataset_converted_externally_to_rlds,/Users/avalok/work/Q-TAIL-MVP/data/openx_demo/austin_sirius_dataset_converted_externally_to_rlds/0.1.0/austin_sirius_dataset_converted_externally_to_rlds-train.tfrecord-00048-of-00064,104752844,18.467114276302233,48.0,64.0,379.0,0.0026385225355625153,1.0,1.0,0.21750767529010773,0.4066982865333557,65.0,1.0,0.002638522427440633,1,1,,0.6230396628379822,0.0005872593610547483,0.0027862773276865482,0.0005855687777511775,0.002715058159083128
austin_sirius_dataset_converted_externally_to_rlds,/Users/avalok/work/Q-TAIL-MVP/data/openx_demo/austin_sirius_dataset_converted_externally_to_rlds/0.1.0/austin_sirius_dataset_converted_externally_to_rlds-train.tfrecord-00049-of-00064,74305582,18.123696648183998,49.0,64.0,552.0,0.0018115942366421223,1.0,1.0,0.24464817345142365,0.4269842803478241,80.0,1.0,0.0018115942028985507,1,1,,0.6553431749343872,0.0004165676946286112,0.0033845175057649612,0.0004173222987446934,0.0035348418168723583
austin_sirius_dataset_converted_externally_to_rlds,/Users/avalok/work/Q-TAIL-MVP/data/openx_demo/austin_sirius_dataset_converted_externally_to_rlds/0.1.0/austin_sirius_dataset_converted_externally_to_rlds-train.tfrecord-00050-of-00064,72917517,18.1048394698943,50.0,64.0,424.0,0.002358490601181984,1.0,1.0,0.21796298027038574,0.4035302400588989,65.0,1.0,0.0023584905660377358,1,1,,0.6496635675430298,0.0004087859997525811,0.003348457394167781,0.0004065701796207577,0.003438881365582347
austin_sirius_dataset_converted_externally_to_rlds,/Users/avalok/work/Q-TAIL-MVP/data/openx_demo/austin_sirius_dataset_converted_externally_to_rlds/0.1.0/austin_sirius_dataset_converted_externally_to_rlds-train.tfrecord-00051-of-00064,83959632,18.245846681778044,51.0,64.0,519.0,0.0019267823081463575,1.0,1.0,0.20423831045627594,0.39177775382995605,65.0,1.0,0.0019267822736030828,1,1,,0.6481698155403137,0.00047068967251107097,0.0032183420844376087,0.0004711453802883625,0.0033611985854804516
austin_sirius_dataset_converted_externally_to_rlds,/Users/avalok/work/Q-TAIL-MVP/data/openx_demo/austin_sirius_dataset_converted_externally_to_rlds/0.1.0/austin_sirius_dataset_converted_externally_to_rlds-train.tfrecord-00052-of-00064,88818829,18.30210923503262,52.0,64.0,492.0,0.0020325202494859695,1.0,1.0,0.2432897686958313,0.425588995218277,80.0,1.0,0.0020325203252032522,1,1,,0.6496486663818359,0.0004979310324415565,0.0032696302514523268,0.0004981820238754153,0.003372197039425373
austin_sirius_dataset_converted_externally_to_rlds,/Users/avalok/work/Q-TAIL-MVP/data/openx_demo/austin_sirius_dataset_converted_externally_to_rlds/0.1.0/austin_sirius_dataset_converted_externally_to_rlds-train.tfrecord-00053-of-00064,167607235,18.93713391930462,53.0,64.0,523.0,0.001912045874632895,1.0,1.0,0.24084842205047607,0.42572954297065735,80.0,1.0,0.0019120458891013384,1,1,,0.618230938911438,0.0009396300883963704,0.00282628764398396,0.0009409289923496544,0.002802611794322729
austin_sirius_dataset_converted_externally_to_rlds,/Users/avalok/work/Q-TAIL-MVP/data/openx_demo/austin_sirius_dataset_converted_externally_to_rlds/0.1.0/austin_sirius_dataset_converted_externally_to_rlds-train.tfrecord-00054-of-00064,139770685,18.75551368051229,54.0,64.0,445.0,0.002247191034257412,1.0,1.0,0.37803953886032104,0.5480585694313049,80.0,1.0,0.0022471910112359553,1,1,,0.6289301514625549,0.0007835744181647897,0.0028938245959579945,0.0007837456068955362,0.002866952447220683
austin_sirius_dataset_converted_externally_to_rlds,/Users/avalok/work/Q-TAIL-MVP/data/openx_demo/austin_sirius_dataset_converted_externally_to_rlds/0.1.0/austin_sirius_dataset_converted_externally_to_rlds-train.tfrecord-00055-of-00064,62574973,17.951875979780628,55.0,64.0,571.0,0.0017513134516775608,1.0,1.0,0.24971133470535278,0.4359206557273865,80.0,1.0,0.0017513134851138354,1,1,,0.6787344813346863,0.0003508042136672884,0.004572976380586624,0.0003504559863358736,0.0045168716460466385
austin_sirius_dataset_converted_externally_to_rlds,/Users/avalok/work/Q-TAIL-MVP/data/openx_demo/austin_sirius_dataset_converted_externally_to_rlds/0.1.0/austin_sirius_dataset_converted_externally_to_rlds-train.tfrecord-00056-of-00064,112634506,18.539658683204795,56.0,64.0,488.0,0.0020491802133619785,1.0,1.0,0.2391633242368698,0.42463260889053345,80.0,1.0,0.0020491803278688526,1,1,,0.6451370120048523,0.000631445087492466,0.0032143485732376575,0.0006324304267764091,0.0032629212364554405
austin_sirius_dataset_converted_externally_to_rlds,/Users/avalok/work/Q-TAIL-MVP/data/openx_demo/austin_sirius_dataset_converted_externally_to_rlds/0.1.0/austin_sirius_dataset_converted_externally_to_rlds-train.tfrecord-00057-of-00064,98295054,18.403484278663846,57.0,64.0,542.0,0.0018450184725224972,1.0,1.0,0.24577227234840393,0.43160486221313477,80.0,1.0,0.0018450184501845018,1,1,,0.6571347713470459,0.0005510561168193817,0.003593981033191085,0.0005524056614376605,0.0036266292445361614
austin_sirius_dataset_converted_externally_to_rlds,/Users/avalok/work/Q-TAIL-MVP/data/openx_demo/austin_sirius_dataset_converted_externally_to_rlds/0.1.0/austin_sirius_dataset_converted_externally_to_rlds-train.tfrecord-00058-of-00064,83679611,18.242505921558855,58.0,64.0,440.0,0.0022727272007614374,1.0,1.0,0.21983473002910614,0.4100816249847412,65.0,1.0,0.0022727272727272726,1,1,,0.6604555249214172,0.0004691198410000652,0.003956499043852091,0.00046697017387486994,0.0038652033545076847
austin_sirius_dataset_converted_externally_to_rlds,/Users/avalok/work/Q-TAIL-MVP/data/openx_demo/austin_sirius_dataset_converted_externally_to_rlds/0.1.0/austin_sirius_dataset_converted_externally_to_rlds-train.tfrecord-00059-of-00064,114551981,18.556539269202087,59.0,64.0,508.0,0.0019685039296746254,1.0,1.0,0.20432183146476746,0.3968513011932373,65.0,1.0,0.001968503937007874,1,1,,0.6481947898864746,0.0006421947618946433,0.00330647942610085,0.0006420565769076347,0.0033930169884115458
austin_sirius_dataset_converted_externally_to_rlds,/Users/avalok/work/Q-TAIL-MVP/data/openx_demo/austin_sirius_dataset_converted_externally_to_rlds/0.1.0/austin_sirius_dataset_converted_externally_to_rlds-train.tfrecord-00060-of-00064,163031242,18.909452415250385,60.0,64.0,449.0,0.0022271715570241213,1.0,1.0,0.3769541382789612,0.544844388961792,80.0,1.0,0.0022271714922048997,1,1,,0.6337589621543884,0.0009139764006249607,0.0030461656861007214,0.0009123327909037471,0.002998579293489456
austin_sirius_dataset_converted_externally_to_rlds,/Users/avalok/work/Q-TAIL-MVP/data/openx_demo/austin_sirius_dataset_converted_externally_to_rlds/0.1.0/austin_sirius_dataset_converted_externally_to_rlds-train.tfrecord-00061-of-00064,135556737,18.72490084126813,61.0,64.0,470.0,0.0021276595070958138,1.0,1.0,0.21167443692684174,0.40254971385002136,65.0,1.0,0.002127659574468085,1,1,,0.6417866945266724,0.0007599504315294325,0.0032326129730790854,0.0007579727680422366,0.0032270990777760744
austin_sirius_dataset_converted_externally_to_rlds,/Users/avalok/work/Q-TAIL-MVP/data/openx_demo/austin_sirius_dataset_converted_externally_to_rlds/0.1.0/austin_sirius_dataset_converted_externally_to_rlds-train.tfrecord-00062-of-00064,124007360,18.635851484710628,62.0,64.0,664.0,0.0015060240402817726,1.0,1.0,0.26665952801704407,0.453780859708786,80.0,1.0,0.0015060240963855422,1,1,,0.6599487662315369,0.0006952029652893543,0.0038271115627139807,0.0006989726680330932,0.0036980423610657454
austin_sirius_dataset_converted_externally_to_rlds,/Users/avalok/work/Q-TAIL-MVP/data/openx_demo/austin_sirius_dataset_converted_externally_to_rlds/0.1.0/austin_sirius_dataset_converted_externally_to_rlds-train.tfrecord-00063-of-00064,182501959,19.022271470655177,63.0,64.0,569.0,0.0017574692610651255,1.0,1.0,0.2504532039165497,0.43757641315460205,80.0,1.0,0.0017574692442882249,1,1,,0.6373863816261292,0.001023132004775107,0.0032480712980031967,0.0010213329223915935,0.0031841115560382605
berkeley_mvp_converted_externally_to_rlds,/Users/avalok/work/Q-TAIL-MVP/data/openx_demo/berkeley_mvp_converted_externally_to_rlds/0.1.0/berkeley_mvp_converted_externally_to_rlds-train.tfrecord-00000-of-00124,82578480,18.22925968396871,0.0,124.0,114.0,0.008771929889917374,1.0,1.0,0.03999336063861847,0.18478924036026,16.0,1.0,0.008771929824561403,1,1,,0.40955284237861633,0.00046294674393720925,0.0006533567793667316,0.00046109489630907774,0.0006744006532244384
berkeley_mvp_converted_externally_to_rlds,/Users/avalok/work/Q-TAIL-MVP/data/openx_demo/berkeley_mvp_converted_externally_to_rlds/0.1.0/berkeley_mvp_converted_externally_to_rlds-train.tfrecord-00001-of-00124,77212856,18.162076542579292,1.0,124.0,120.0,0.008333333767950535,1.0,1.0,0.06310141086578369,0.23497304320335388,16.0,1.0,0.008333333333333333,1,1,,0.4162347912788391,0.00043286627624183893,0.0006812343490310013,0.0004313653626013547,0.0006811196799390018
berkeley_mvp_converted_externally_to_rlds,/Users/avalok/work/Q-TAIL-MVP/data/openx_demo/berkeley_mvp_converted_externally_to_rlds/0.1.0/berkeley_mvp_converted_externally_to_rlds-train.tfrecord-00002-of-00124,49749082,17.722502589238196,2.0,124.0,64.0,0.015625,1.0,1.0,0.12848544120788574,0.3297017514705658,17.0,1.0,0.015625,1,1,,0.4306808412075043,0.0002789004647638649,0.0006769647006876767,0.00027881175628863275,0.0006727904547005892
berkeley_mvp_converted_externally_to_rlds,/Users/avalok/work/Q-TAIL-MVP/data/openx_demo/berkeley_mvp_converted_externally_to_rlds/0.1.0/berkeley_mvp_converted_externally_to_rlds-train.tfrecord-00003-of-00124,64053523,17.9752296043095,3.0,124.0,64.0,0.015625,1.0,1.0,0.004186260513961315,0.010112375020980835,15.0,1.0,0.015625,1,1,,0.41142722964286804,0.0003590931883081794,0.000637647055555135,0.0003593658038880676,0.0006338478997349739
berkeley_mvp_converted_externally_to_rlds,/Users/avalok/work/Q-TAIL-MVP/data/openx_demo/berkeley_mvp_converted_externally_to_rlds/0.1.0/berkeley_mvp_converted_externally_to_rlds-train.tfrecord-00004-of-00124,91946210,18.33671430098775,4.0,124.0,123.0,0.008130080997943878,1.0,1.0,0.06908439844846725,0.24544116854667664,10.0,1.0,0.008130081300813009,1,1,,0.40487924218177795,0.0005154635873623192,0.0006654998869635165,0.0005162001471035182,0.0006794112268835306
berkeley_mvp_converted_externally_to_rlds,/Users/avalok/work/Q-TAIL-MVP/data/openx_demo/berkeley_mvp_converted_externally_to_rlds/0.1.0/berkeley_mvp_converted_externally_to_rlds-train.tfrecord-00005-of-00124,83584658,18.24137055643118,5.0,124.0,59.0,0.016949152573943138,1.0,1.0,0.004403035622090101,0.01030617393553257,15.0,1.0,0.01694915254237288,1,1,,0.3973754346370697,0.00046858753194101155,0.0006448235944844782,0.00046785117592662573,0.0006395051605068147
berkeley_mvp_converted_externally_to_rlds,/Users/avalok/work/Q-TAIL-MVP/data/openx_demo/berkeley_mvp_converted_externally_to_rlds/0.1.0/berkeley_mvp_converted_externally_to_rlds-train.tfrecord-00006-of-00124,236916377,19.283217801395296,6.0,124.0,112.0,0.008928571827709675,1.0,1.0,0.06791703402996063,0.24454495310783386,10.0,1.0,0.008928571428571428,1,1,,0.3531584143638611,0.0013281870633363724,0.0008599954308010638,0.0013357338029891253,0.0008422788232564926
berkeley_mvp_converted_externally_to_rlds,/Users/avalok/work/Q-TAIL-MVP/data/openx_demo/berkeley_mvp_converted_externally_to_rlds/0.1.0/berkeley_mvp_converted_externally_to_rlds-train.tfrecord-00007-of-00124,139805376,18.755761849113036,7.0,124.0,81.0,0.012345679104328156,1.0,1.0,0.128416508436203,0.32984715700149536,17.0,1.0,0.012345679012345678,1,1,,0.3844996690750122,0.0007837688899599016,0.0007201895350590348,0.0007821188191883266,0.0007338550640270114
berkeley_mvp_converted_externally_to_rlds,/Users/avalok/work/Q-TAIL-MVP/data/openx_demo/berkeley_mvp_converted_externally_to_rlds/0.1.0/berkeley_mvp_converted_externally_to_rlds-train.tfrecord-00008-of-00124,138096876,18.743466004076026,8.0,124.0,107.0,0.009345794096589088,1.0,1.0,0.06295710802078247,0.23482464253902435,10.0,1.0,0.009345794392523364,1,1,,0.38395169377326965,0.0007741907611489296,0.0007136869826354086,0.0007768160430714488,0.0007221436244435608
berkeley_mvp_converted_externally_to_rlds,/Users/avalok/work/Q-TAIL-MVP/data/openx_demo/berkeley_mvp_converted_externally_to_rlds/0.1.0/berkeley_mvp_converted_externally_to_rlds-train.tfrecord-00009-of-00124,86430756,18.27485415422338,9.0,124.0,93.0,0.01075268816202879,1.0,1.0,0.05252513661980629,0.21191921830177307,16.0,1.0,0.010752688172043012,1,1,,0.41336455941200256,0.0004845431540161371,0.0006892351084388793,0.00048301988863386214,0.0006828943151049316
berkeley_mvp_converted_externally_to_rlds,/Users/avalok/work/Q-TAIL-MVP/data/openx_demo/berkeley_mvp_converted_externally_to_rlds/0.1.0/berkeley_mvp_converted_externally_to_rlds-train.tfrecord-00010-of-00124,194063154,19.083694205287664,10.0,124.0,64.0,0.015625,1.0,1.0,0.12852220237255096,0.32990404963493347,17.0,1.0,0.015625,1,1,,0.36494994163513184,0.0010879457695409656,0.0007943813689053059,0.0010898251784965396,0.0007947551785036922
berkeley_mvp_converted_externally_to_rlds,/Users/avalok/work/Q-TAIL-MVP/data/openx_demo/berkeley_mvp_converted_externally_to_rlds/0.1.0/berkeley_mvp_converted_externally_to_rlds-train.tfrecord-00011-of-00124,46680213,17.658830949776576,11.0,124.0,104.0,0.009615384973585606,1.0,1.0,0.05246434360742569,0.21427412331104279,16.0,1.0,0.009615384615384616,1,1,,0.4518295228481293,0.00026169593911617994,0.0007351424428634346,0.0002631117240525782,0.0007413075072690845
berkeley_mvp_converted_externally_to_rlds,/Users/avalok/work/Q-TAIL-MVP/data/openx_demo/berkeley_mvp_converted_externally_to_rlds/0.1.0/berkeley_mvp_converted_externally_to_rlds-train.tfrecord-00012-of-00124,133548754,18.709977175125612,12.0,124.0,63.0,0.01587301678955555,1.0,1.0,0.003920902963727713,0.010412405245006084,15.0,1.0,0.015873015873015872,1,1,,0.3809032142162323,0.0007486933609470725,0.0007031311979517341,0.0007480251952074468,0.0006944945780560374
berkeley_mvp_converted_externally_to_rlds,/Users/avalok/work/Q-TAIL-MVP/data/openx_demo/berkeley_mvp_converted_externally_to_rlds/0.1.0/berkeley_mvp_converted_externally_to_rlds-train.tfrecord-00013-of-00124,212050252,19.172333846998992,13.0,124.0,138.0,0.007246376946568489,1.0,1.0,0.06990361213684082,0.24733297526836395,16.0,1.0,0.007246376811594203,1,1,,0.3774316906929016,0.0011887840228155255,0.0008247689111158252,0.0011887208092957735,0.0008272793493233621
berkeley_mvp_converted_externally_to_rlds,/Users/avalok/work/Q-TAIL-MVP/data/openx_demo/berkeley_mvp_converted_externally_to_rlds/0.1.0/berkeley_mvp_converted_externally_to_rlds-train.tfrecord-00014-of-00124,87605898,18.28835889382202,14.0,124.0,125.0,0.00800000037997961,1.0,1.0,0.067063108086586,0.24310556054115295,16.0,1.0,0.008,1,1,,0.4249596893787384,0.0004911311552859843,0.0007032998837530613,0.0004898668266832829,0.0007128224242478609
berkeley_mvp_converted_externally_to_rlds,/Users/avalok/work/Q-TAIL-MVP/data/openx_demo/berkeley_mvp_converted_externally_to_rlds/0.1.0/berkeley_mvp_converted_externally_to_rlds-train.tfrecord-00015-of-00124,48033813,17.6874157791912,15.0,124.0,56.0,0.01785714365541935,1.0,1.0,0.0046847048215568066,0.010327502153813839,15.0,1.0,0.017857142857142856,1,1,,0.43800896406173706,0.0002692844136618078,0.0006979545578360558,0.00027049618074670434,0.0006848595221526921
berkeley_mvp_converted_externally_to_rlds,/Users/avalok/work/Q-TAIL-MVP/data/openx_demo/berkeley_mvp_converted_externally_to_rlds/0.1.0/berkeley_mvp_converted_externally_to_rlds-train.tfrecord-00016-of-00124,29808403,17.210300925140142,16.0,124.0,103.0,0.009708737954497337,1.0,1.0,0.059309691190719604,0.2275344431400299,16.0,1.0,0.009708737864077669,1,1,,0.48212045431137085,0.00016711016360204667,0.0009508741204626858,0.00017051163013093174,0.0009495547274127603
berkeley_mvp_converted_externally_to_rlds,/Users/avalok/work/Q-TAIL-MVP/data/openx_demo/berkeley_mvp_converted_externally_to_rlds/0.1.0/berkeley_mvp_converted_externally_to_rlds-train.tfrecord-00017-of-00124,78105069,18.173565529476278,17.0,124.0,100.0,0.009999999776482582,1.0,1.0,0.05124391242861748,0.21312420070171356,16.0,1.0,0.01,1,1,,0.4294823706150055,0.00043786814785562456,0.0007132728933356702,0.000436991365859285,0.0007032410358078778
berkeley_mvp_converted_externally_to_rlds,/Users/avalok/work/Q-TAIL-MVP/data/openx_demo/berkeley_mvp_converted_externally_to_rlds/0.1.0/berkeley_mvp_converted_externally_to_rlds-train.tfrecord-00018-of-00124,48186828,17.69059628441785,18.0,124.0,106.0,0.009433962404727936,1.0,1.0,0.064881332218647,0.2383287400007248,28.0,1.0,0.009433962264150943,1,1,,0.46612828969955444,0.00027014221996068954,0.000847663905005902,0.0002701134071685374,0.0008349282434210181
berkeley_mvp_converted_externally_to_rlds,/Users/avalok/work/Q-TAIL-MVP/data/openx_demo/berkeley_mvp_converted_externally_to_rlds/0.1.0/berkeley_mvp_converted_externally_to_rlds-train.tfrecord-00019-of-00124,81623624,18.217629300089737,19.0,124.0,77.0,0.012987012974917889,1.0,1.0,0.12829433381557465,0.3299666941165924,17.0,1.0,0.012987012987012988,1,1,,0.4265453517436981,0.0004575936764013022,0.0007052035070955753,0.00045604625483974814,0.0007028719410300255
berkeley_mvp_converted_externally_to_rlds,/Users/avalok/work/Q-TAIL-MVP/data/openx_demo/berkeley_mvp_converted_externally_to_rlds/0.1.0/berkeley_mvp_converted_externally_to_rlds-train.tfrecord-00020-of-00124,117847860,18.584905036990776,20.0,124.0,62.0,0.016129031777381897,1.0,1.0,0.004040971864014864,0.010341215878725052,15.0,1.0,0.016129032258064516,1,1,,0.39647194743156433,0.0006606719107367098,0.000697838724590838,0.0006604748778045177,0.0006855216925032437
berkeley_mvp_converted_externally_to_rlds,/Users/avalok/work/Q-TAIL-MVP/data/openx_demo/berkeley_mvp_converted_externally_to_rlds/0.1.0/berkeley_mvp_converted_externally_to_rlds-train.tfrecord-00021-of-00124,76989706,18.15918229555794,21.0,124.0,111.0,0.009009009227156639,1.0,1.0,0.06553183495998383,0.23938491940498352,16.0,1.0,0.009009009009009009,1,1,,0.4374065399169922,0.0004316152771934867,0.0007374905981123447,0.0004309079085942358,0.0007258702535182238
berkeley_mvp_converted_externally_to_rlds,/Users/avalok/work/Q-TAIL-MVP/data/openx_demo/berkeley_mvp_converted_externally_to_rlds/0.1.0/berkeley_mvp_converted_externally_to_rlds-train.tfrecord-00022-of-00124,55840551,17.838010901756352,22.0,124.0,104.0,0.009615384973585606,1.0,1.0,0.06217116862535477,0.23371358215808868,28.0,1.0,0.009615384615384616,1,1,,0.46207132935523987,0.0003130500845145434,0.0008076357771642506,0.0003121205372735858,0.0008195394184440374
berkeley_mvp_converted_externally_to_rlds,/Users/avalok/work/Q-TAIL-MVP/data/openx_demo/berkeley_mvp_converted_externally_to_rlds/0.1.0/berkeley_mvp_converted_externally_to_rlds-train.tfrecord-00023-of-00124,95802388,18.37779817999968,23.0,124.0,47.0,0.021276595070958138,1.0,1.0,0.13093449175357819,0.3300534784793854,17.0,1.0,0.02127659574468085,1,1,,0.4119948446750641,0.0005370818544179201,0.0006885054754093289,0.0005360458744689822,0.0006874608807265759
berkeley_mvp_converted_externally_to_rlds,/Users/avalok/work/Q-TAIL-MVP/data/openx_demo/berkeley_mvp_converted_externally_to_rlds/0.1.0/berkeley_mvp_converted_externally_to_rlds-train.tfrecord-00024-of-00124,195056020,19.08879736244845,24.0,124.0,76.0,0.01315789483487606,1.0,1.0,0.12827931344509125,0.3302743434906006,17.0,1.0,0.013157894736842105,1,1,,0.3840694725513458,0.001093511818908155,0.0008067229064181447,0.0010954065946862102,0.0008141719736158848
berkeley_mvp_converted_externally_to_rlds,/Users/avalok/work/Q-TAIL-MVP/data/openx_demo/berkeley_mvp_converted_externally_to_rlds/0.1.0/berkeley_mvp_converted_externally_to_rlds-train.tfrecord-00025-of-00124,164307878,18.917252536818133,25.0,124.0,119.0,0.008403361774981022,1.0,1.0,0.06597153842449188,0.2411753535270691,16.0,1.0,0.008403361344537815,1,1,,0.4017705023288727,0.000921133381780237,0.0007758800638839602,0.0009201791253872216,0.0007862456841394305
berkeley_mvp_converted_externally_to_rlds,/Users/avalok/work/Q-TAIL-MVP/data/openx_demo/berkeley_mvp_converted_externally_to_rlds/0.1.0/berkeley_mvp_converted_externally_to_rlds-train.tfrecord-00026-of-00124,123466486,18.631480316883543,26.0,124.0,120.0,0.008333333767950535,1.0,1.0,0.07091428339481354,0.24972328543663025,10.0,1.0,0.008333333333333333,1,1,,0.41307082772254944,0.0006921707536093891,0.0007437985623255372,0.0006944215856492519,0.0007374954293482006
berkeley_mvp_converted_externally_to_rlds,/Users/avalok/work/Q-TAIL-MVP/data/openx_demo/berkeley_mvp_converted_externally_to_rlds/0.1.0/berkeley_mvp_converted_externally_to_rlds-train.tfrecord-00027-of-00124,51709967,17.761161125536397,27.0,124.0,81.0,0.012345679104328156,1.0,1.0,0.12763161957263947,0.32997575402259827,17.0,1.0,0.012345679012345678,1,1,,0.4617041051387787,0.0002898934471886605,0.0007902639335952699,0.00028926809318363667,0.0008041192195378244
berkeley_mvp_converted_externally_to_rlds,/Users/avalok/work/Q-TAIL-MVP/data/openx_demo/berkeley_mvp_converted_externally_to_rlds/0.1.0/berkeley_mvp_converted_externally_to_rlds-train.tfrecord-00028-of-00124,124506526,18.63986869819767,28.0,124.0,125.0,0.00800000037997961,1.0,1.0,0.06125195696949959,0.23217131197452545,10.0,1.0,0.008,1,1,,0.4154456555843353,0.0006980013567954302,0.0007539027719758451,0.0006999829201959074,0.0007425572257488966
berkeley_mvp_converted_externally_to_rlds,/Users/avalok/work/Q-TAIL-MVP/data/openx_demo/berkeley_mvp_converted_externally_to_rlds/0.1.0/berkeley_mvp_converted_externally_to_rlds-train.tfrecord-00029-of-00124,144476400,18.78862673730054,29.0,124.0,138.0,0.007246376946568489,1.0,1.0,0.06789878755807877,0.24406906962394714,16.0,1.0,0.007246376811594203,1,1,,0.4165177643299103,0.0008099552942439914,0.0007886823732405901,0.0008087977184914052,0.0007834684220142663
berkeley_mvp_converted_externally_to_rlds,/Users/avalok/work/Q-TAIL-MVP/data/openx_demo/berkeley_mvp_converted_externally_to_rlds/0.1.0/berkeley_mvp_converted_externally_to_rlds-train.tfrecord-00030-of-00124,68746421,18.045935249520273,30.0,124.0,58.0,0.017241379246115685,1.0,1.0,0.0047259279526770115,0.010089891031384468,15.0,1.0,0.017241379310344827,1,1,,0.4359808564186096,0.00038540223613381386,0.0007214702782221138,0.0003855508693959564,0.0007009743130765855
berkeley_mvp_converted_externally_to_rlds,/Users/avalok/work/Q-TAIL-MVP/data/openx_demo/berkeley_mvp_converted_externally_to_rlds/0.1.0/berkeley_mvp_converted_externally_to_rlds-train.tfrecord-00031-of-00124,264776840,19.3943979197432,31.0,124.0,146.0,0.006849315017461777,1.0,1.0,0.06655386835336685,0.2424226850271225,16.0,1.0,0.00684931506849315,1,1,,0.3866586685180664,0.001484376727603376,0.0009184017544612288,0.0014806740218773484,0.0009077653521671891
berkeley_mvp_converted_externally_to_rlds,/Users/avalok/work/Q-TAIL-MVP/data/openx_demo/berkeley_mvp_converted_externally_to_rlds/0.1.0/berkeley_mvp_converted_externally_to_rlds-train.tfrecord-00032-of-00124,126872615,18.658694117436006,32.0,124.0,106.0,0.009433962404727936,1.0,1.0,0.07040800899267197,0.24870853126049042,28.0,1.0,0.009433962264150943,1,1,,0.4289243519306183,0.0007112659513950348,0.0007819606107659638,0.0007086839177645743,0.000794354360550642
berkeley_mvp_converted_externally_to_rlds,/Users/avalok/work/Q-TAIL-MVP/data/openx_demo/berkeley_mvp_converted_externally_to_rlds/0.1.0/berkeley_mvp_converted_externally_to_rlds-train.tfrecord-00033-of-00124,155884511,18.864625983358444,33.0,124.0,105.0,0.009523809887468815,1.0,1.0,0.058604951947927475,0.22603997588157654,28.0,1.0,0.009523809523809525,1,1,,0.4181858003139496,0.000873910787049681,0.0008076978847384453,0.000871509313583374,0.0008124865707941353
berkeley_mvp_converted_externally_to_rlds,/Users/avalok/work/Q-TAIL-MVP/data/openx_demo/berkeley_mvp_converted_externally_to_rlds/0.1.0/berkeley_mvp_converted_externally_to_rlds-train.tfrecord-00034-of-00124,111690777,18.531244700201405,34.0,124.0,107.0,0.009345794096589088,1.0,1.0,0.07133900374174118,0.2495463639497757,10.0,1.0,0.009345794392523364,1,1,,0.42520126700401306,0.0006261544185690582,0.0007416629232466221,0.0006285164854489267,0.000740393646992743
berkeley_mvp_converted_externally_to_rlds,/Users/avalok/work/Q-TAIL-MVP/data/openx_demo/berkeley_mvp_converted_externally_to_rlds/0.1.0/berkeley_mvp_converted_externally_to_rlds-train.tfrecord-00035-of-00124,103978987,18.45969939823159,35.0,124.0,44.0,0.022727273404598236,1.0,1.0,0.12925408780574799,0.3298006057739258,17.0,1.0,0.022727272727272728,1,1,,0.4196583926677704,0.0005829210276715457,0.0007273646187968552,0.0005831091548316181,0.000706263177562505
berkeley_mvp_converted_externally_to_rlds,/Users/avalok/work/Q-TAIL-MVP/data/openx_demo/berkeley_mvp_converted_externally_to_rlds/0.1.0/berkeley_mvp_converted_externally_to_rlds-train.tfrecord-00036-of-00124,59720233,17.90518144891292,36.0,124.0,52.0,0.01923076994717121,1.0,1.0,0.003866716753691435,0.010300988331437111,15.0,1.0,0.019230769230769232,1,1,,0.44820356369018555,0.0003348001337144524,0.0007363654440268874,0.0003349232138134539,0.0007468229741789401
berkeley_mvp_converted_externally_to_rlds,/Users/avalok/work/Q-TAIL-MVP/data/openx_demo/berkeley_mvp_converted_externally_to_rlds/0.1.0/berkeley_mvp_converted_externally_to_rlds-train.tfrecord-00037-of-00124,182467347,19.022081799911117,37.0,124.0,57.0,0.017543859779834747,1.0,1.0,0.1284436136484146,0.3297971785068512,17.0,1.0,0.017543859649122806,1,1,,0.39640024304389954,0.0010229379404336214,0.0007990199374035001,0.0010265790624544024,0.0008038088562898338
berkeley_mvp_converted_externally_to_rlds,/Users/avalok/work/Q-TAIL-MVP/data/openx_demo/berkeley_mvp_converted_externally_to_rlds/0.1.0/berkeley_mvp_converted_externally_to_rlds-train.tfrecord-00038-of-00124,106033503,18.479265677606712,38.0,124.0,61.0,0.016393441706895828,1.0,1.0,0.1284148246049881,0.32988470792770386,17.0,1.0,0.01639344262295082,1,1,,0.428758829832077,0.000594438926782459,0.0007440448389388621,0.0005941236158832908,0.0007363086333498359
berkeley_mvp_converted_externally_to_rlds,/Users/avalok/work/Q-TAIL-MVP/data/openx_demo/berkeley_mvp_converted_externally_to_rlds/0.1.0/berkeley_mvp_converted_externally_to_rlds-train.tfrecord-00039-of-00124,76745362,18.156003525668293,39.0,124.0,130.0,0.007692307699471712,1.0,1.0,0.0683194100856781,0.24582651257514954,10.0,1.0,0.007692307692307693,1,1,,0.4554816484451294,0.0004302454472053796,0.0007976187043823302,0.00043201996595598757,0.0008032951736822724
berkeley_mvp_converted_externally_to_rlds,/Users/avalok/work/Q-TAIL-MVP/data/openx_demo/berkeley_mvp_converted_externally_to_rlds/0.1.0/berkeley_mvp_converted_externally_to_rlds-train.tfrecord-00040-of-00124,95374836,18.373325338524186,40.0,124.0,110.0,0.00909090880304575,1.0,1.0,0.05882516875863075,0.22721797227859497,16.0,1.0,0.00909090909090909,1,1,,0.44670921564102173,0.0005346849211491644,0.0007918263436295092,0.0005340725765563548,0.0007866661180742085
berkeley_mvp_converted_externally_to_rlds,/Users/avalok/work/Q-TAIL-MVP/data/openx_demo/berkeley_mvp_converted_externally_to_rlds/0.1.0/berkeley_mvp_converted_externally_to_rlds-train.tfrecord-00041-of-00124,97158829,18.39185762003315,41.0,124.0,127.0,0.007874015718698502,1.0,1.0,0.06938599050045013,0.2465159296989441,16.0,1.0,0.007874015748031496,1,1,,0.45015159249305725,0.0005446862778626382,0.000805084768217057,0.0005441175308078527,0.0008059833198785782
berkeley_mvp_converted_externally_to_rlds,/Users/avalok/work/Q-TAIL-MVP/data/openx_demo/berkeley_mvp_converted_externally_to_rlds/0.1.0/berkeley_mvp_converted_externally_to_rlds-train.tfrecord-00042-of-00124,247202171,19.325717069916976,42.0,124.0,101.0,0.009900989942252636,1.0,1.0,0.049338776618242264,0.20673039555549622,16.0,1.0,0.009900990099009901,1,1,,0.3945446312427521,0.0013858505990356207,0.00090028066188097,0.001383245107717812,0.0008907139417715371
berkeley_mvp_converted_externally_to_rlds,/Users/avalok/work/Q-TAIL-MVP/data/openx_demo/berkeley_mvp_converted_externally_to_rlds/0.1.0/berkeley_mvp_converted_externally_to_rlds-train.tfrecord-00043-of-00124,71031825,18.07863858809112,43.0,124.0,102.0,0.009803921915590763,1.0,1.0,0.05475062504410744,0.21880625188350677,16.0,1.0,0.00980392156862745,1,1,,0.464564710855484,0.0003982145572081208,0.000867410097271204,0.00039773047319613397,0.0008529292535968125
berkeley_mvp_converted_externally_to_rlds,/Users/avalok/work/Q-TAIL-MVP/data/openx_demo/berkeley_mvp_converted_externally_to_rlds/0.1.0/berkeley_mvp_converted_externally_to_rlds-train.tfrecord-00044-of-00124,60093897,17.91141886356881,44.0,124.0,85.0,0.0117647061124444,1.0,1.0,0.07744251936674118,0.25892534852027893,10.0,1.0,0.011764705882352941,1,1,,0.4658639132976532,0.00033689496922306716,0.0008647890645079315,0.0003381915739737451,0.0008652157848700881
berkeley_mvp_converted_externally_to_rlds,/Users/avalok/work/Q-TAIL-MVP/data/openx_demo/berkeley_mvp_converted_externally_to_rlds/0.1.0/berkeley_mvp_converted_externally_to_rlds-train.tfrecord-00045-of-00124,183475510,19.02759176151211,45.0,124.0,110.0,0.00909090880304575,1.0,1.0,0.06210897117853165,0.2338317185640335,10.0,1.0,0.00909090909090909,1,1,,0.41068166494369507,0.001028589904308319,0.0008137642289511859,0.0010297871194779873,0.0008202454773709178
berkeley_mvp_converted_externally_to_rlds,/Users/avalok/work/Q-TAIL-MVP/data/openx_demo/berkeley_mvp_converted_externally_to_rlds/0.1.0/berkeley_mvp_converted_externally_to_rlds-train.tfrecord-00046-of-00124,137849069,18.741669948947774,46.0,124.0,134.0,0.007462686393409967,1.0,1.0,0.06836917251348495,0.24574194848537445,16.0,1.0,0.007462686567164179,1,1,,0.43769338726997375,0.0007728015189059079,0.0008380071958526969,0.000771780963987112,0.0008242957410402596
berkeley_mvp_converted_externally_to_rlds,/Users/avalok/work/Q-TAIL-MVP/data/openx_demo/berkeley_mvp_converted_externally_to_rlds/0.1.0/berkeley_mvp_converted_externally_to_rlds-train.tfrecord-00047-of-00124,104797512,18.467540598653603,47.0,124.0,106.0,0.009433962404727936,1.0,1.0,0.06224093958735466,0.23372796177864075,16.0,1.0,0.009433962264150943,1,1,,0.4487631320953369,0.000587509828619659,0.0008093929500319064,0.0005869976594112813,0.0008101971470750868
berkeley_mvp_converted_externally_to_rlds,/Users/avalok/work/Q-TAIL-MVP/data/openx_demo/berkeley_mvp_converted_externally_to_rlds/0.1.0/berkeley_mvp_converted_externally_to_rlds-train.tfrecord-00048-of-00124,75905776,18.14500335277637,48.0,124.0,121.0,0.00826446246355772,1.0,1.0,0.07611829042434692,0.2576882243156433,10.0,1.0,0.008264462809917356,1,1,,0.4649384021759033,0.0004255386011209339,0.0008871518075466156,0.00042718651820905507,0.0008670796523801982
berkeley_mvp_converted_externally_to_rlds,/Users/avalok/work/Q-TAIL-MVP/data/openx_demo/berkeley_mvp_converted_externally_to_rlds/0.1.0/berkeley_mvp_converted_externally_to_rlds-train.tfrecord-00049-of-00124,216322513,19.19228097242294,49.0,124.0,120.0,0.008333333767950535,1.0,1.0,0.05812108516693115,0.22676721215248108,16.0,1.0,0.008333333333333333,1,1,,0.41370508074760437,0.0012127348454669118,0.0008951788768172264,0.0012092679971829057,0.0008809171267785132
berkeley_mvp_converted_externally_to_rlds,/Users/avalok/work/Q-TAIL-MVP/data/openx_demo/berkeley_mvp_converted_externally_to_rlds/0.1.0/berkeley_mvp_converted_externally_to_rlds-train.tfrecord-00050-of-00124,139808390,18.755783407421994,50.0,124.0,66.0,0.01515151560306549,1.0,1.0,0.12975797057151794,0.33023008704185486,17.0,1.0,0.015151515151515152,1,1,,0.4287792146205902,0.0007837857701815665,0.0007976759225130081,0.000785228272434324,0.0007891188142821193
berkeley_mvp_converted_externally_to_rlds,/Users/avalok/work/Q-TAIL-MVP/data/openx_demo/berkeley_mvp_converted_externally_to_rlds/0.1.0/berkeley_mvp_converted_externally_to_rlds-train.tfrecord-00051-of-00124,167119946,18.934222358075147,51.0,124.0,100.0,0.009999999776482582,1.0,1.0,0.04936791956424713,0.2076672911643982,16.0,1.0,0.01,1,1,,0.4260108172893524,0.0009368982864543796,0.0008304708753712475,0.0009359812829643488,0.0008293388527818024
berkeley_mvp_converted_externally_to_rlds,/Users/avalok/work/Q-TAIL-MVP/data/openx_demo/berkeley_mvp_converted_externally_to_rlds/0.1.0/berkeley_mvp_converted_externally_to_rlds-train.tfrecord-00052-of-00124,136453879,18.73149724003864,52.0,124.0,118.0,0.008474576286971569,1.0,1.0,0.06209269165992737,0.23469215631484985,28.0,1.0,0.00847457627118644,1,1,,0.4495295286178589,0.0007649799226783216,0.0008630258962512016,0.0007638110546395183,0.0008812544983811677
berkeley_mvp_converted_externally_to_rlds,/Users/avalok/work/Q-TAIL-MVP/data/openx_demo/berkeley_mvp_converted_externally_to_rlds/0.1.0/berkeley_mvp_converted_externally_to_rlds-train.tfrecord-00053-of-00124,131135187,18.69173931851664,53.0,124.0,107.0,0.009345794096589088,1.0,1.0,0.0648781880736351,0.23715569078922272,16.0,1.0,0.009345794392523364,1,1,,0.4434831440448761,0.0007351625827141106,0.0008361369837075472,0.0007346606580540538,0.0008294986328110099
berkeley_mvp_converted_externally_to_rlds,/Users/avalok/work/Q-TAIL-MVP/data/openx_demo/berkeley_mvp_converted_externally_to_rlds/0.1.0/berkeley_mvp_converted_externally_to_rlds-train.tfrecord-00054-of-00124,86843257,18.279615419543756,54.0,124.0,69.0,0.014492753893136978,1.0,1.0,0.12866613268852234,0.33005133271217346,17.0,1.0,0.014492753623188406,1,1,,0.46036654710769653,0.00048685568617656827,0.0008349951240234077,0.00048597322893328965,0.0008446134743280709
berkeley_mvp_converted_externally_to_rlds,/Users/avalok/work/Q-TAIL-MVP/data/openx_demo/berkeley_mvp_converted_externally_to_rlds/0.1.0/berkeley_mvp_converted_externally_to_rlds-train.tfrecord-00055-of-00124,96016609,18.380031755299065,55.0,124.0,113.0,0.008849557489156723,1.0,1.0,0.06777282059192657,0.24306456744670868,16.0,1.0,0.008849557522123894,1,1,,0.46409955620765686,0.0005382827948778868,0.0008990585920400918,0.0005377538036555052,0.0008846234413795173
berkeley_mvp_converted_externally_to_rlds,/Users/avalok/work/Q-TAIL-MVP/data/openx_demo/berkeley_mvp_converted_externally_to_rlds/0.1.0/berkeley_mvp_converted_externally_to_rlds-train.tfrecord-00056-of-00124,114462873,18.555761083838455,56.0,124.0,100.0,0.009999999776482582,1.0,1.0,0.06455543637275696,0.2381017804145813,28.0,1.0,0.01,1,1,,0.4602817893028259,0.0006416952237486839,0.0008781928918324411,0.0006404411979019642,0.0008951800409704447
berkeley_mvp_converted_externally_to_rlds,/Users/avalok/work/Q-TAIL-MVP/data/openx_demo/berkeley_mvp_converted_externally_to_rlds/0.1.0/berkeley_mvp_converted_externally_to_rlds-train.tfrecord-00057-of-00124,92976467,18.347856986841403,57.0,124.0,64.0,0.015625,1.0,1.0,0.12830623984336853,0.32998788356781006,17.0,1.0,0.015625,1,1,,0.45843014121055603,0.0005212393589317799,0.0008301579509861767,0.0005207870854064822,0.0008410097798332572
berkeley_mvp_converted_externally_to_rlds,/Users/avalok/work/Q-TAIL-MVP/data/openx_demo/berkeley_mvp_converted_externally_to_rlds/0.1.0/berkeley_mvp_converted_externally_to_rlds-train.tfrecord-00058-of-00124,37069933,17.4283167947099,58.0,124.0,52.0,0.01923076994717121,1.0,1.0,0.12861377000808716,0.3299122452735901,17.0,1.0,0.019230769230769232,1,1,,0.5057408809661865,0.0002078193356283009,0.001206096145324409,0.00020625362230930477,0.001222690218128264
berkeley_mvp_converted_externally_to_rlds,/Users/avalok/work/Q-TAIL-MVP/data/openx_demo/berkeley_mvp_converted_externally_to_rlds/0.1.0/berkeley_mvp_converted_externally_to_rlds-train.tfrecord-00059-of-00124,182029919,19.019681627133988,59.0,124.0,101.0,0.009900989942252636,1.0,1.0,0.05304373428225517,0.21472789347171783,16.0,1.0,0.009900990099009901,1,1,,0.4306727945804596,0.001020485651679337,0.0008774285088293254,0.0010190329048782587,0.0008653139811940491
berkeley_mvp_converted_externally_to_rlds,/Users/avalok/work/Q-TAIL-MVP/data/openx_demo/berkeley_mvp_converted_externally_to_rlds/0.1.0/berkeley_mvp_converted_externally_to_rlds-train.tfrecord-00060-of-00124,98897649,18.409596034935507,60.0,124.0,107.0,0.009345794096589088,1.0,1.0,0.06479017436504364,0.2393045425415039,10.0,1.0,0.009345794392523364,1,1,,0.4610651433467865,0.0005544343148358166,0.0008604535833001137,0.000555983860976994,0.0008780996431596577
berkeley_mvp_converted_externally_to_rlds,/Users/avalok/work/Q-TAIL-MVP/data/openx_demo/berkeley_mvp_converted_externally_to_rlds/0.1.0/berkeley_mvp_converted_externally_to_rlds-train.tfrecord-00061-of-00124,119368411,18.59772516780773,61.0,124.0,105.0,0.009523809887468815,1.0,1.0,0.055237963795661926,0.22067143023014069,16.0,1.0,0.009523809523809525,1,1,,0.45700937509536743,0.0006691963644698262,0.000865214504301548,0.0006687102722935379,0.0008783512166701257
berkeley_mvp_converted_externally_to_rlds,/Users/avalok/work/Q-TAIL-MVP/data/openx_demo/berkeley_mvp_converted_externally_to_rlds/0.1.0/berkeley_mvp_converted_externally_to_rlds-train.tfrecord-00062-of-00124,37704568,17.445291838708837,62.0,124.0,138.0,0.007246376946568489,1.0,1.0,0.07027693837881088,0.24877744913101196,16.0,1.0,0.007246376811594203,1,1,,0.5276331305503845,0.00021137719159014523,0.0015438292175531387,0.00021237471082713455,0.0015573620330542326
berkeley_mvp_converted_externally_to_rlds,/Users/avalok/work/Q-TAIL-MVP/data/openx_demo/berkeley_mvp_converted_externally_to_rlds/0.1.0/berkeley_mvp_converted_externally_to_rlds-train.tfrecord-00063-of-00124,81058861,18.21068614008242,63.0,124.0,96.0,0.010416666977107525,1.0,1.0,0.06707672029733658,0.24246826767921448,28.0,1.0,0.010416666666666666,1,1,,0.4863531291484833,0.00045442752889357507,0.001060416572727263,0.0004526273696683347,0.0010510828578844666
berkeley_mvp_converted_externally_to_rlds,/Users/avalok/work/Q-TAIL-MVP/data/openx_demo/berkeley_mvp_converted_externally_to_rlds/0.1.0/berkeley_mvp_converted_externally_to_rlds-train.tfrecord-00064-of-00124,82615807,18.22971160032564,64.0,124.0,123.0,0.008130080997943878,1.0,1.0,0.06268206238746643,0.23418091237545013,28.0,1.0,0.008130081300813009,1,1,,0.4915126860141754,0.00046315600047819316,0.0011409177677705884,0.0004619137616828084,0.0010932990116998553
berkeley_mvp_converted_externally_to_rlds,/Users/avalok/work/Q-TAIL-MVP/data/openx_demo/berkeley_mvp_converted_externally_to_rlds/0.1.0/berkeley_mvp_converted_externally_to_rlds-train.tfrecord-00065-of-00124,28758852,17.17445620824157,65.0,124.0,113.0,0.008849557489156723,1.0,1.0,0.06110227480530739,0.23122650384902954,28.0,1.0,0.008849557522123894,1,1,,0.5487729907035828,0.0001612262276466936,0.0018417227547615767,0.0001618025853531435,0.0017697046278044581
berkeley_mvp_converted_externally_to_rlds,/Users/avalok/work/Q-TAIL-MVP/data/openx_demo/berkeley_mvp_converted_externally_to_rlds/0.1.0/berkeley_mvp_converted_externally_to_rlds-train.tfrecord-00066-of-00124,54233694,17.80881295221435,66.0,124.0,66.0,0.01515151560306549,1.0,1.0,0.0044007496908307076,0.010167081840336323,15.0,1.0,0.015151515151515152,1,1,,0.49234309792518616,0.00030404183780774474,0.0011026719585061073,0.0003035514091607183,0.0011452827602624893
berkeley_mvp_converted_externally_to_rlds,/Users/avalok/work/Q-TAIL-MVP/data/openx_demo/berkeley_mvp_converted_externally_to_rlds/0.1.0/berkeley_mvp_converted_externally_to_rlds-train.tfrecord-00067-of-00124,128788328,18.673680754174853,67.0,124.0,108.0,0.009259259328246117,1.0,1.0,0.06326674669981003,0.23604990541934967,16.0,1.0,0.009259259259259259,1,1,,0.4604487121105194,0.0007220057304948568,0.0009010149515233934,0.000721415679436177,0.0009144242503680289
berkeley_mvp_converted_externally_to_rlds,/Users/avalok/work/Q-TAIL-MVP/data/openx_demo/berkeley_mvp_converted_externally_to_rlds/0.1.0/berkeley_mvp_converted_externally_to_rlds-train.tfrecord-00068-of-00124,77095368,18.16055377187875,68.0,124.0,112.0,0.008928571827709675,1.0,1.0,0.06480202078819275,0.2383408397436142,16.0,1.0,0.008928571428571428,1,1,,0.49056583642959595,0.0004322076274547726,0.0011089177569374442,0.0004313951649237424,0.0011106255697086453
berkeley_mvp_converted_externally_to_rlds,/Users/avalok/work/Q-TAIL-MVP/data/openx_demo/berkeley_mvp_converted_externally_to_rlds/0.1.0/berkeley_mvp_converted_externally_to_rlds-train.tfrecord-00069-of-00124,114409484,18.55529454431222,69.0,124.0,109.0,0.00917431153357029,1.0,1.0,0.06059644743800163,0.23085865378379822,10.0,1.0,0.009174311926605505,1,1,,0.4634813666343689,0.000641395861748606,0.0009157907916232944,0.000642421015072614,0.0009191293502226472
berkeley_mvp_converted_externally_to_rlds,/Users/avalok/work/Q-TAIL-MVP/data/openx_demo/berkeley_mvp_converted_externally_to_rlds/0.1.0/berkeley_mvp_converted_externally_to_rlds-train.tfrecord-00070-of-00124,55573010,17.833208227700393,70.0,124.0,111.0,0.009009009227156639,1.0,1.0,0.05399145558476448,0.21741445362567902,16.0,1.0,0.009009009009009009,1,1,,0.510282576084137,0.00031155021861195564,0.0013336077099666,0.0003107533266302198,0.0013453785795718431
berkeley_mvp_converted_externally_to_rlds,/Users/avalok/work/Q-TAIL-MVP/data/openx_demo/berkeley_mvp_converted_externally_to_rlds/0.1.0/berkeley_mvp_converted_externally_to_rlds-train.tfrecord-00071-of-00124,109689213,18.513161597713196,71.0,124.0,72.0,0.013888888992369175,1.0,1.0,0.1287134289741516,0.33015555143356323,17.0,1.0,0.013888888888888888,1,1,,0.46762341260910034,0.0006149333785288036,0.0009505500784143806,0.0006153461872600019,0.0009321613470092416
berkeley_mvp_converted_externally_to_rlds,/Users/avalok/work/Q-TAIL-MVP/data/openx_demo/berkeley_mvp_converted_externally_to_rlds/0.1.0/berkeley_mvp_converted_externally_to_rlds-train.tfrecord-00072-of-00124,176344723,18.98795129642164,72.0,124.0,71.0,0.014084506779909134,1.0,1.0,0.0036989266518503428,0.010131889022886753,15.0,1.0,0.014084507042253521,1,1,,0.43586769700050354,0.0009886136977002025,0.0008831528830341995,0.0009898293064907193,0.0008666082285344601
berkeley_mvp_converted_externally_to_rlds,/Users/avalok/work/Q-TAIL-MVP/data/openx_demo/berkeley_mvp_converted_externally_to_rlds/0.1.0/berkeley_mvp_converted_externally_to_rlds-train.tfrecord-00073-of-00124,85061397,18.258883883112023,73.0,124.0,57.0,0.017543859779834747,1.0,1.0,0.004752031993120909,0.011437023058533669,15.0,1.0,0.017543859649122806,1,1,,0.47248852252960205,0.00047686632024124265,0.0009397671674378216,0.0004774842818733305,0.0009761638357304037
berkeley_mvp_converted_externally_to_rlds,/Users/avalok/work/Q-TAIL-MVP/data/openx_demo/berkeley_mvp_converted_externally_to_rlds/0.1.0/berkeley_mvp_converted_externally_to_rlds-train.tfrecord-00074-of-00124,164025689,18.915533619862178,74.0,124.0,69.0,0.014492753893136978,1.0,1.0,0.0038586691953241825,0.010663613677024841,15.0,1.0,0.014492753623188406,1,1,,0.4415152966976166,0.0009195514139719307,0.0008856975473463535,0.0009213155717588961,0.0008727707318030298
berkeley_mvp_converted_externally_to_rlds,/Users/avalok/work/Q-TAIL-MVP/data/openx_demo/berkeley_mvp_converted_externally_to_rlds/0.1.0/berkeley_mvp_converted_externally_to_rlds-train.tfrecord-00075-of-00124,58823229,17.89004740287724,75.0,124.0,103.0,0.009708737954497337,1.0,1.0,0.0656171590089798,0.2390708476305008,16.0,1.0,0.009708737864077669,1,1,,0.5115832090377808,0.00032977142836898565,0.0013778354041278362,0.0003285141137894243,0.0013681551208719611
berkeley_mvp_converted_externally_to_rlds,/Users/avalok/work/Q-TAIL-MVP/data/openx_demo/berkeley_mvp_converted_externally_to_rlds/0.1.0/berkeley_mvp_converted_externally_to_rlds-train.tfrecord-00076-of-00124,119537983,18.599144736570356,76.0,124.0,102.0,0.009803921915590763,1.0,1.0,0.07181570678949356,0.25108152627944946,10.0,1.0,0.00980392156862745,1,1,,0.46790656447410583,0.000670147011987865,0.0009664203971624374,0.000671119662001729,0.0009621224598959088
berkeley_mvp_converted_externally_to_rlds,/Users/avalok/work/Q-TAIL-MVP/data/openx_demo/berkeley_mvp_converted_externally_to_rlds/0.1.0/berkeley_mvp_converted_externally_to_rlds-train.tfrecord-00077-of-00124,91904660,18.33626230421172,77.0,124.0,100.0,0.009999999776482582,1.0,1.0,0.05017726868391037,0.20749758183956146,16.0,1.0,0.01,1,1,,0.4882163107395172,0.0005152306403033435,0.0011006677523255348,0.0005145038012415171,0.001118193380534649
berkeley_mvp_converted_externally_to_rlds,/Users/avalok/work/Q-TAIL-MVP/data/openx_demo/berkeley_mvp_converted_externally_to_rlds/0.1.0/berkeley_mvp_converted_externally_to_rlds-train.tfrecord-00078-of-00124,176382451,18.988165218130604,78.0,124.0,110.0,0.00909090880304575,1.0,1.0,0.06272657215595245,0.23428121209144592,28.0,1.0,0.00909090909090909,1,1,,0.4633132219314575,0.000988825224339962,0.0010039255721494555,0.000989562482573092,0.0010247069876641035
berkeley_mvp_converted_externally_to_rlds,/Users/avalok/work/Q-TAIL-MVP/data/openx_demo/berkeley_mvp_converted_externally_to_rlds/0.1.0/berkeley_mvp_converted_externally_to_rlds-train.tfrecord-00079-of-00124,26825384,17.104859198661362,79.0,124.0,97.0,0.010309278033673763,1.0,1.0,0.06854903697967529,0.24568873643875122,28.0,1.0,0.010309278350515464,1,1,,0.5654224753379822,0.00015038692799862474,0.0019693272188305855,0.0001503817766206339,0.0019653167109936476
berkeley_mvp_converted_externally_to_rlds,/Users/avalok/work/Q-TAIL-MVP/data/openx_demo/berkeley_mvp_converted_externally_to_rlds/0.1.0/berkeley_mvp_converted_externally_to_rlds-train.tfrecord-00080-of-00124,50513044,17.737742177719223,80.0,124.0,112.0,0.008928571827709675,1.0,1.0,0.0656186118721962,0.24034637212753296,28.0,1.0,0.008928571428571428,1,1,,0.5347240567207336,0.0002831833262462169,0.0016412626719102263,0.00028144894167780876,0.0016266441671177745
berkeley_mvp_converted_externally_to_rlds,/Users/avalok/work/Q-TAIL-MVP/data/openx_demo/berkeley_mvp_converted_externally_to_rlds/0.1.0/berkeley_mvp_converted_externally_to_rlds-train.tfrecord-00081-of-00124,188353305,19.05383004437727,81.0,124.0,86.0,0.011627906933426857,1.0,1.0,0.07830283045768738,0.2602386176586151,28.0,1.0,0.011627906976744186,1,1,,0.4583534300327301,0.0010559355141595006,0.0009780926629900932,0.001059256261214614,0.0010092786978930235
berkeley_mvp_converted_externally_to_rlds,/Users/avalok/work/Q-TAIL-MVP/data/openx_demo/berkeley_mvp_converted_externally_to_rlds/0.1.0/berkeley_mvp_converted_externally_to_rlds-train.tfrecord-00082-of-00124,18129811,16.713068213124043,82.0,124.0,66.0,0.01515151560306549,1.0,1.0,0.004248000681400299,0.010633748024702072,15.0,1.0,0.015151515151515152,1,1,,0.5705971121788025,0.00010163831029785797,0.0020103331189602613,0.00010401864710729569,0.001967616379261017
berkeley_mvp_converted_externally_to_rlds,/Users/avalok/work/Q-TAIL-MVP/data/openx_demo/berkeley_mvp_converted_externally_to_rlds/0.1.0/berkeley_mvp_converted_externally_to_rlds-train.tfrecord-00083-of-00124,64048643,17.975153415122723,83.0,124.0,139.0,0.007194244768470526,1.0,1.0,0.06638370454311371,0.24143880605697632,16.0,1.0,0.007194244604316547,1,1,,0.522275984287262,0.00035906583070755005,0.0015240111388266087,0.00035823258804157376,0.001512818387709558
berkeley_mvp_converted_externally_to_rlds,/Users/avalok/work/Q-TAIL-MVP/data/openx_demo/berkeley_mvp_converted_externally_to_rlds/0.1.0/berkeley_mvp_converted_externally_to_rlds-train.tfrecord-00084-of-00124,91831560,18.33546659824736,84.0,124.0,93.0,0.01075268816202879,1.0,1.0,0.12783144414424896,0.3301549255847931,17.0,1.0,0.010752688172043012,1,1,,0.4974137246608734,0.0005148208001628518,0.00121147814206779,0.0005138666019774973,0.0012087328359484673
berkeley_mvp_converted_externally_to_rlds,/Users/avalok/work/Q-TAIL-MVP/data/openx_demo/berkeley_mvp_converted_externally_to_rlds/0.1.0/berkeley_mvp_converted_externally_to_rlds-train.tfrecord-00085-of-00124,94790497,18.367179730134172,85.0,124.0,89.0,0.01123595517128706,1.0,1.0,0.0679304376244545,0.24302685260772705,16.0,1.0,0.011235955056179775,1,1,,0.4936654567718506,0.0005314090522006154,0.0011869445443153381,0.0005308528780005872,0.0011875047348439693
berkeley_mvp_converted_externally_to_rlds,/Users/avalok/work/Q-TAIL-MVP/data/openx_demo/berkeley_mvp_converted_externally_to_rlds/0.1.0/berkeley_mvp_converted_externally_to_rlds-train.tfrecord-00086-of-00124,121831335,18.61814815437077,86.0,124.0,89.0,0.01123595517128706,1.0,1.0,0.12790918350219727,0.32979437708854675,17.0,1.0,0.011235955056179775,1,1,,0.4832204580307007,0.0006830038619227707,0.001099438057281077,0.000683331920299679,0.001091487123630941
berkeley_mvp_converted_externally_to_rlds,/Users/avalok/work/Q-TAIL-MVP/data/openx_demo/berkeley_mvp_converted_externally_to_rlds/0.1.0/berkeley_mvp_converted_externally_to_rlds-train.tfrecord-00087-of-00124,159232325,18.885874863525952,87.0,124.0,98.0,0.010204081423580647,1.0,1.0,0.12804889678955078,0.33001503348350525,17.0,1.0,0.01020408163265306,1,1,,0.47166845202445984,0.0008926791488192976,0.0010372744873166084,0.0008928049355745316,0.0010403539054095745
berkeley_mvp_converted_externally_to_rlds,/Users/avalok/work/Q-TAIL-MVP/data/openx_demo/berkeley_mvp_converted_externally_to_rlds/0.1.0/berkeley_mvp_converted_externally_to_rlds-train.tfrecord-00088-of-00124,31053328,17.251216574767426,88.0,124.0,103.0,0.009708737954497337,1.0,1.0,0.06357380747795105,0.23692552745342255,28.0,1.0,0.009708737864077669,1,1,,0.5686630606651306,0.00017408939311280847,0.002011280506849289,0.00017344948719255626,0.002040306804701686
berkeley_mvp_converted_externally_to_rlds,/Users/avalok/work/Q-TAIL-MVP/data/openx_demo/berkeley_mvp_converted_externally_to_rlds/0.1.0/berkeley_mvp_converted_externally_to_rlds-train.tfrecord-00089-of-00124,125351473,18.64663214157403,89.0,124.0,113.0,0.008849557489156723,1.0,1.0,0.05797967687249184,0.22658701241016388,16.0,1.0,0.008849557522123894,1,1,,0.48756998777389526,0.0007027382380329072,0.00114015385042876,0.0007017008611001074,0.0011535899247974157
berkeley_mvp_converted_externally_to_rlds,/Users/avalok/work/Q-TAIL-MVP/data/openx_demo/berkeley_mvp_converted_externally_to_rlds/0.1.0/berkeley_mvp_converted_externally_to_rlds-train.tfrecord-00090-of-00124,80840679,18.207990862141703,90.0,124.0,103.0,0.009708737954497337,1.0,1.0,0.051872558891773224,0.21259073913097382,16.0,1.0,0.009708737864077669,1,1,,0.5106325149536133,0.0004532043822109699,0.0013827020302414894,0.0004520044894888997,0.0013890799600630999
berkeley_mvp_converted_externally_to_rlds,/Users/avalok/work/Q-TAIL-MVP/data/openx_demo/berkeley_mvp_converted_externally_to_rlds/0.1.0/berkeley_mvp_converted_externally_to_rlds-train.tfrecord-00091-of-00124,17500486,16.677739267077964,91.0,124.0,63.0,0.01587301678955555,1.0,1.0,0.12856020033359528,0.3298535645008087,17.0,1.0,0.015873015873015872,1,1,,0.5882231593132019,9.811022027861327e-05,0.0021943117026239634,9.901821613311768e-05,0.0021706114057451487
berkeley_mvp_converted_externally_to_rlds,/Users/avalok/work/Q-TAIL-MVP/data/openx_demo/berkeley_mvp_converted_externally_to_rlds/0.1.0/berkeley_mvp_converted_externally_to_rlds-train.tfrecord-00092-of-00124,24351896,17.008120310002543,92.0,124.0,88.0,0.011363636702299118,1.0,1.0,0.07051369547843933,0.24783077836036682,28.0,1.0,0.011363636363636364,1,1,,0.5834130048751831,0.00013652020425070077,0.002099513541907072,0.0001366389187751338,0.002179674804210663
berkeley_mvp_converted_externally_to_rlds,/Users/avalok/work/Q-TAIL-MVP/data/openx_demo/berkeley_mvp_converted_externally_to_rlds/0.1.0/berkeley_mvp_converted_externally_to_rlds-train.tfrecord-00093-of-00124,92094148,18.338321970434425,93.0,124.0,86.0,0.011627906933426857,1.0,1.0,0.06554599106311798,0.23762628436088562,28.0,1.0,0.011627906976744186,1,1,,0.5108407139778137,0.0005162929301150143,0.0014091170160099864,0.0005160297150723636,0.001376264845021069
berkeley_mvp_converted_externally_to_rlds,/Users/avalok/work/Q-TAIL-MVP/data/openx_demo/berkeley_mvp_converted_externally_to_rlds/0.1.0/berkeley_mvp_converted_externally_to_rlds-train.tfrecord-00094-of-00124,115755350,18.566989478803777,94.0,124.0,113.0,0.008849557489156723,1.0,1.0,0.06547296047210693,0.23946872353553772,28.0,1.0,0.008849557522123894,1,1,,0.5051591992378235,0.0006489410297945142,0.001310461782850325,0.0006494465633295476,0.0013243805151432753
berkeley_mvp_converted_externally_to_rlds,/Users/avalok/work/Q-TAIL-MVP/data/openx_demo/berkeley_mvp_converted_externally_to_rlds/0.1.0/berkeley_mvp_converted_externally_to_rlds-train.tfrecord-00095-of-00124,98550494,18.40607961438144,95.0,124.0,68.0,0.014705882407724857,1.0,1.0,0.007974558509886265,0.06157678738236427,15.0,1.0,0.014705882352941176,1,1,,0.4936152994632721,0.0005524881416931748,0.0011865264968946576,0.0005533930379897356,0.001225847634486854
berkeley_mvp_converted_externally_to_rlds,/Users/avalok/work/Q-TAIL-MVP/data/openx_demo/berkeley_mvp_converted_externally_to_rlds/0.1.0/berkeley_mvp_converted_externally_to_rlds-train.tfrecord-00096-of-00124,195797477,19.092591407487433,96.0,124.0,59.0,0.016949152573943138,1.0,1.0,0.0047736987471580505,0.010804042220115662,15.0,1.0,0.01694915254237288,1,1,,0.4533744156360626,0.0010976685443893075,0.0009773962665349245,0.0011045769788324833,0.0009928304934874177
berkeley_mvp_converted_externally_to_rlds,/Users/avalok/work/Q-TAIL-MVP/data/openx_demo/berkeley_mvp_converted_externally_to_rlds/0.1.0/berkeley_mvp_converted_externally_to_rlds-train.tfrecord-00097-of-00124,133247813,18.707721215622378,97.0,124.0,102.0,0.009803921915590763,1.0,1.0,0.05991203710436821,0.22873948514461517,28.0,1.0,0.00980392156862745,1,1,,0.49849534034729004,0.0007470062701031566,0.0012977287406101823,0.0007488039555028081,0.0012837339891120791
berkeley_mvp_converted_externally_to_rlds,/Users/avalok/work/Q-TAIL-MVP/data/openx_demo/berkeley_mvp_converted_externally_to_rlds/0.1.0/berkeley_mvp_converted_externally_to_rlds-train.tfrecord-00098-of-00124,236814841,19.282789136374845,98.0,124.0,102.0,0.009803921915590763,1.0,1.0,0.07869992405176163,0.2613299489021301,10.0,1.0,0.00980392156862745,1,1,,0.4553688168525696,0.0013276177924126387,0.0010474774753674865,0.0013182521797716618,0.0010451740818098187
berkeley_mvp_converted_externally_to_rlds,/Users/avalok/work/Q-TAIL-MVP/data/openx_demo/berkeley_mvp_converted_externally_to_rlds/0.1.0/berkeley_mvp_converted_externally_to_rlds-train.tfrecord-00099-of-00124,110603571,18.52146294309518,99.0,124.0,77.0,0.012987012974917889,1.0,1.0,0.12796208262443542,0.3299143314361572,17.0,1.0,0.012987012987012988,1,1,,0.5001758933067322,0.0006200593779794872,0.0012775793438777328,0.0006207997794263065,0.0012742560356855392
berkeley_mvp_converted_externally_to_rlds,/Users/avalok/work/Q-TAIL-MVP/data/openx_demo/berkeley_mvp_converted_externally_to_rlds/0.1.0/berkeley_mvp_converted_externally_to_rlds-train.tfrecord-00100-of-00124,148616388,18.81687897353394,100.0,124.0,69.0,0.014492753893136978,1.0,1.0,0.12867887318134308,0.33003365993499756,17.0,1.0,0.014492753623188406,1,1,,0.4827920198440552,0.0008331646677106619,0.0011408299906179309,0.0008368261042051017,0.0011336415773257613
berkeley_mvp_converted_externally_to_rlds,/Users/avalok/work/Q-TAIL-MVP/data/openx_demo/berkeley_mvp_converted_externally_to_rlds/0.1.0/berkeley_mvp_converted_externally_to_rlds-train.tfrecord-00101-of-00124,78664477,18.180702251900836,101.0,124.0,62.0,0.016129031777381897,1.0,1.0,0.004658782854676247,0.010816690512001514,15.0,1.0,0.016129032258064516,1,1,,0.510139524936676,0.0004410042893141508,0.0013639737153425813,0.0004412309790495783,0.0013877718010917306
berkeley_mvp_converted_externally_to_rlds,/Users/avalok/work/Q-TAIL-MVP/data/openx_demo/berkeley_mvp_converted_externally_to_rlds/0.1.0/berkeley_mvp_converted_externally_to_rlds-train.tfrecord-00102-of-00124,93144653,18.34966426206058,102.0,124.0,65.0,0.015384615398943424,1.0,1.0,0.004684810061007738,0.01010958943516016,15.0,1.0,0.015384615384615385,1,1,,0.5029653906822205,0.0005221822066232562,0.0012599995825439692,0.0005232300609350204,0.0013322376180440187
berkeley_mvp_converted_externally_to_rlds,/Users/avalok/work/Q-TAIL-MVP/data/openx_demo/berkeley_mvp_converted_externally_to_rlds/0.1.0/berkeley_mvp_converted_externally_to_rlds-train.tfrecord-00103-of-00124,39940666,17.502905585862575,103.0,124.0,110.0,0.00909090880304575,1.0,1.0,0.06437254697084427,0.23837341368198395,10.0,1.0,0.00909090909090909,1,1,,0.5599817633628845,0.0002239130699308589,0.001959532732143998,0.0002232582337455824,0.0020022017415612936
berkeley_mvp_converted_externally_to_rlds,/Users/avalok/work/Q-TAIL-MVP/data/openx_demo/berkeley_mvp_converted_externally_to_rlds/0.1.0/berkeley_mvp_converted_externally_to_rlds-train.tfrecord-00104-of-00124,53482439,17.794863933689786,104.0,124.0,59.0,0.016949152573943138,1.0,1.0,0.12863585352897644,0.32970625162124634,17.0,1.0,0.01694915254237288,1,1,,0.5401718616485596,0.00029983019339852035,0.0016776890261098742,0.0002973048249259591,0.001644190982915461
berkeley_mvp_converted_externally_to_rlds,/Users/avalok/work/Q-TAIL-MVP/data/openx_demo/berkeley_mvp_converted_externally_to_rlds/0.1.0/berkeley_mvp_converted_externally_to_rlds-train.tfrecord-00105-of-00124,140664249,18.76188640308981,105.0,124.0,100.0,0.009999999776482582,1.0,1.0,0.06679830700159073,0.24233099818229675,10.0,1.0,0.01,1,1,,0.49115270376205444,0.0007885838276706636,0.0012309803860262036,0.0007871152483858168,0.0012294227490201592
berkeley_mvp_converted_externally_to_rlds,/Users/avalok/work/Q-TAIL-MVP/data/openx_demo/berkeley_mvp_converted_externally_to_rlds/0.1.0/berkeley_mvp_converted_externally_to_rlds-train.tfrecord-00106-of-00124,38595377,17.4686430863329,106.0,124.0,83.0,0.012048192322254181,1.0,1.0,0.06063017249107361,0.2299366146326065,28.0,1.0,0.012048192771084338,1,1,,0.5724112391471863,0.0002163711906177923,0.0020495110657066107,0.0002147774794138968,0.002076534554362297
berkeley_mvp_converted_externally_to_rlds,/Users/avalok/work/Q-TAIL-MVP/data/openx_demo/berkeley_mvp_converted_externally_to_rlds/0.1.0/berkeley_mvp_converted_externally_to_rlds-train.tfrecord-00107-of-00124,60769802,17.922603562375166,107.0,124.0,118.0,0.008474576286971569,1.0,1.0,0.06416165828704834,0.2367674559354782,28.0,1.0,0.00847457627118644,1,1,,0.556098997592926,0.00034068417153321207,0.0019377662101760507,0.00033903965959325433,0.0019694636575877666
berkeley_mvp_converted_externally_to_rlds,/Users/avalok/work/Q-TAIL-MVP/data/openx_demo/berkeley_mvp_converted_externally_to_rlds/0.1.0/berkeley_mvp_converted_externally_to_rlds-train.tfrecord-00108-of-00124,86747036,18.27850682058833,108.0,124.0,69.0,0.014492753893136978,1.0,1.0,0.004166864324361086,0.0109829967841506,15.0,1.0,0.014492753623188406,1,1,,0.5149003267288208,0.0004863162466790527,0.0014882436953485012,0.00048675789730623364,0.0014665743801742792
berkeley_mvp_converted_externally_to_rlds,/Users/avalok/work/Q-TAIL-MVP/data/openx_demo/berkeley_mvp_converted_externally_to_rlds/0.1.0/berkeley_mvp_converted_externally_to_rlds-train.tfrecord-00109-of-00124,151926903,18.83891006840675,109.0,124.0,65.0,0.015384615398943424,1.0,1.0,0.12849631905555725,0.32970285415649414,17.0,1.0,0.015384615384615385,1,1,,0.4904908537864685,0.0008517238893546164,0.0012249863939359784,0.0008569369674660265,0.001220406498759985
berkeley_mvp_converted_externally_to_rlds,/Users/avalok/work/Q-TAIL-MVP/data/openx_demo/berkeley_mvp_converted_externally_to_rlds/0.1.0/berkeley_mvp_converted_externally_to_rlds-train.tfrecord-00110-of-00124,61892963,17.940917063989048,110.0,124.0,105.0,0.009523809887468815,1.0,1.0,0.0510680191218853,0.21072238683700562,16.0,1.0,0.009523809523809525,1,1,,0.5482578873634338,0.0003469807852525264,0.0018771585309877992,0.000344992644386366,0.001863789395429194
berkeley_mvp_converted_externally_to_rlds,/Users/avalok/work/Q-TAIL-MVP/data/openx_demo/berkeley_mvp_converted_externally_to_rlds/0.1.0/berkeley_mvp_converted_externally_to_rlds-train.tfrecord-00111-of-00124,46020550,17.64459861555501,111.0,124.0,58.0,0.017241379246115685,1.0,1.0,0.003738479455932975,0.00988918635994196,15.0,1.0,0.017241379310344827,1,1,,0.5494606494903564,0.0002579977735877037,0.001877388684079051,0.0002569870848674327,0.0017578431870788336
berkeley_mvp_converted_externally_to_rlds,/Users/avalok/work/Q-TAIL-MVP/data/openx_demo/berkeley_mvp_converted_externally_to_rlds/0.1.0/berkeley_mvp_converted_externally_to_rlds-train.tfrecord-00112-of-00124,186485775,19.04386552604307,112.0,124.0,74.0,0.013513513840734959,1.0,1.0,0.1280357390642166,0.3300521969795227,17.0,1.0,0.013513513513513514,1,1,,0.48532992601394653,0.001045465818606317,0.0012204427039250731,0.0010501081123948097,0.0012198309414088726
berkeley_mvp_converted_externally_to_rlds,/Users/avalok/work/Q-TAIL-MVP/data/openx_demo/berkeley_mvp_converted_externally_to_rlds/0.1.0/berkeley_mvp_converted_externally_to_rlds-train.tfrecord-00113-of-00124,253022982,19.348990884463152,113.0,124.0,117.0,0.008547008968889713,1.0,1.0,0.06474734097719193,0.2377987504005432,16.0,1.0,0.008547008547008548,1,1,,0.47700753808021545,0.0014184829778969288,0.0012189336121082306,0.00140868010930717,0.0012521310709416866
berkeley_mvp_converted_externally_to_rlds,/Users/avalok/work/Q-TAIL-MVP/data/openx_demo/berkeley_mvp_converted_externally_to_rlds/0.1.0/berkeley_mvp_converted_externally_to_rlds-train.tfrecord-00114-of-00124,39787929,17.499074157928476,114.0,124.0,79.0,0.012658228166401386,1.0,1.0,0.0718291699886322,0.24987439811229706,28.0,1.0,0.012658227848101266,1,1,,0.5790592432022095,0.00022305680613499135,0.0020961868576705456,0.0002214317355537787,0.00216001202352345
berkeley_mvp_converted_externally_to_rlds,/Users/avalok/work/Q-TAIL-MVP/data/openx_demo/berkeley_mvp_converted_externally_to_rlds/0.1.0/berkeley_mvp_converted_externally_to_rlds-train.tfrecord-00115-of-00124,15917543,16.582932455122677,115.0,124.0,57.0,0.017543859779834747,1.0,1.0,0.12867461144924164,0.32962605357170105,17.0,1.0,0.017543859649122806,1,1,,0.6184390783309937,8.92360185389407e-05,0.00261397915892303,9.069215593626723e-05,0.0026228963397443295
berkeley_mvp_converted_externally_to_rlds,/Users/avalok/work/Q-TAIL-MVP/data/openx_demo/berkeley_mvp_converted_externally_to_rlds/0.1.0/berkeley_mvp_converted_externally_to_rlds-train.tfrecord-00116-of-00124,76519865,18.15306095135863,116.0,124.0,127.0,0.007874015718698502,1.0,1.0,0.06722152978181839,0.24323631823062897,16.0,1.0,0.007874015748031496,1,1,,0.5478892922401428,0.0004289812932256609,0.0018846936291083694,0.00042709975969046354,0.0018883583834394813
berkeley_mvp_converted_externally_to_rlds,/Users/avalok/work/Q-TAIL-MVP/data/openx_demo/berkeley_mvp_converted_externally_to_rlds/0.1.0/berkeley_mvp_converted_externally_to_rlds-train.tfrecord-00117-of-00124,121267743,18.613511419342924,117.0,124.0,81.0,0.012345679104328156,1.0,1.0,0.054779406636953354,0.2198939025402069,16.0,1.0,0.012345679012345678,1,1,,0.5139117240905762,0.0006798442918807268,0.0015119832241907716,0.000681359029840678,0.0014807546976953745
berkeley_mvp_converted_externally_to_rlds,/Users/avalok/work/Q-TAIL-MVP/data/openx_demo/berkeley_mvp_converted_externally_to_rlds/0.1.0/berkeley_mvp_converted_externally_to_rlds-train.tfrecord-00118-of-00124,60626851,17.920248455208935,118.0,124.0,57.0,0.017543859779834747,1.0,1.0,0.0041626510210335255,0.009923148900270462,15.0,1.0,0.017543859649122806,1,1,,0.5418670773506165,0.00033988276845775545,0.0017266632057726383,0.0003395166713744402,0.0016919705085456371
berkeley_mvp_converted_externally_to_rlds,/Users/avalok/work/Q-TAIL-MVP/data/openx_demo/berkeley_mvp_converted_externally_to_rlds/0.1.0/berkeley_mvp_converted_externally_to_rlds-train.tfrecord-00119-of-00124,119724655,18.60070513093762,119.0,124.0,111.0,0.009009009227156639,1.0,1.0,0.07007230073213577,0.24722938239574432,10.0,1.0,0.009009009009009009,1,1,,0.5180882215499878,0.0006711934693157673,0.0015533006517216563,0.0006690772133879364,0.001529664732515812
berkeley_mvp_converted_externally_to_rlds,/Users/avalok/work/Q-TAIL-MVP/data/openx_demo/berkeley_mvp_converted_externally_to_rlds/0.1.0/berkeley_mvp_converted_externally_to_rlds-train.tfrecord-00120-of-00124,123324407,18.630328904748207,120.0,124.0,104.0,0.009615384973585606,1.0,1.0,0.06570779532194138,0.23984907567501068,16.0,1.0,0.009615384615384616,1,1,,0.5219405293464661,0.0006913742399774492,0.0015985778300091624,0.0006909184739924967,0.0015884743770584464
berkeley_mvp_converted_externally_to_rlds,/Users/avalok/work/Q-TAIL-MVP/data/openx_demo/berkeley_mvp_converted_externally_to_rlds/0.1.0/berkeley_mvp_converted_externally_to_rlds-train.tfrecord-00121-of-00124,212421873,19.17408482696356,121.0,124.0,109.0,0.00917431153357029,1.0,1.0,0.06621281057596207,0.24146625399589539,28.0,1.0,0.009174311926605505,1,1,,0.5015684366226196,0.0011908672749996185,0.0014446970308199525,0.0011966403108090162,0.0014699443709105253
berkeley_mvp_converted_externally_to_rlds,/Users/avalok/work/Q-TAIL-MVP/data/openx_demo/berkeley_mvp_converted_externally_to_rlds/0.1.0/berkeley_mvp_converted_externally_to_rlds-train.tfrecord-00122-of-00124,79414123,18.19018679452884,122.0,124.0,128.0,0.0078125,1.0,1.0,0.0704725831747055,0.2492266446352005,16.0,1.0,0.0078125,1,1,,0.5528841614723206,0.0004452069115359336,0.0019317443948239088,0.00044325494673103094,0.001956030260771513
berkeley_mvp_converted_externally_to_rlds,/Users/avalok/work/Q-TAIL-MVP/data/openx_demo/berkeley_mvp_converted_externally_to_rlds/0.1.0/berkeley_mvp_converted_externally_to_rlds-train.tfrecord-00123-of-00124,137353582,18.738069056805276,123.0,124.0,66.0,0.01515151560306549,1.0,1.0,0.1279134750366211,0.33008328080177307,17.0,1.0,0.015151515151515152,1,1,,0.512153148651123,0.0007700237911194563,0.0015061234589666128,0.000775305787101388,0.00144705711863935
columbia_cairlab_pusht_real,/Users/avalok/work/Q-TAIL-MVP/data/openx_demo/columbia_cairlab_pusht_real/0.1.0/columbia_cairlab_pusht_real-test.tfrecord-00000-of-00004,53942686,17.803432689043976,0.0,4.0,223.0,0.0044843051582574844,1.0,0.0,0.003176300786435604,0.03400377929210663,163.0,1.0,0.008968609865470852,1,1,,0.5844992995262146,0.0003024103934876621,0.0021792943589389324,0.00030191606492735445,0.0022414913401007652
columbia_cairlab_pusht_real,/Users/avalok/work/Q-TAIL-MVP/data/openx_demo/columbia_cairlab_pusht_real/0.1.0/columbia_cairlab_pusht_real-test.tfrecord-00001-of-00004,54226143,17.80867371173452,1.0,4.0,307.0,0.0032573288772255182,1.0,0.0,0.0033534045796841383,0.029295070096850395,163.0,1.0,0.006514657980456026,1,1,,0.6259045600891113,0.0003039994917344302,0.002757389098405838,0.0003045377670787275,0.002766367280855775
columbia_cairlab_pusht_real,/Users/avalok/work/Q-TAIL-MVP/data/openx_demo/columbia_cairlab_pusht_real/0.1.0/columbia_cairlab_pusht_real-test.tfrecord-00002-of-00004,78116965,18.17371782553294,2.0,4.0,207.0,0.004830917809158564,1.0,0.0,0.003553212620317936,0.03534109890460968,163.0,1.0,0.00966183574879227,1,1,,0.6326118111610413,0.0004379348538350314,0.002883331151679158,0.0004375508869998157,0.0029206108301877975
columbia_cairlab_pusht_real,/Users/avalok/work/Q-TAIL-MVP/data/openx_demo/columbia_cairlab_pusht_real/0.1.0/columbia_cairlab_pusht_real-test.tfrecord-00003-of-00004,124912356,18.643122905350165,3.0,4.0,141.0,0.007092198356986046,1.0,0.0,0.004404319915920496,0.04261403530836105,163.0,1.0,0.014184397163120567,1,1,,0.6338406801223755,0.000700276461429894,0.00299153127707541,0.0007054076995700598,0.0031131678260862827
columbia_cairlab_pusht_real,/Users/avalok/work/Q-TAIL-MVP/data/openx_demo/columbia_cairlab_pusht_real/0.1.0/columbia_cairlab_pusht_real-train.tfrecord-00000-of-00032,37549845,17.441179834967606,0.0,32.0,163.0,0.0061349691823124886,1.0,0.0,0.003947013057768345,0.03965285047888756,163.0,1.0,0.012269938650306749,1,1,,0.5978690981864929,0.00021050978102721274,0.0023430255241692066,0.00021014308731537312,0.0023748790845274925
columbia_cairlab_pusht_real,/Users/avalok/work/Q-TAIL-MVP/data/openx_demo/columbia_cairlab_pusht_real/0.1.0/columbia_cairlab_pusht_real-train.tfrecord-00001-of-00032,170976257,18.957035262722215,1.0,32.0,271.0,0.0036900369450449944,1.0,0.0,0.0030857096426188946,0.03093184530735016,163.0,1.0,0.007380073800738007,1,1,,0.5295865535736084,0.0009585173102095723,0.0017728602979332209,0.0009548529633320868,0.0017890197923406959
columbia_cairlab_pusht_real,/Users/avalok/work/Q-TAIL-MVP/data/openx_demo/columbia_cairlab_pusht_real/0.1.0/columbia_cairlab_pusht_real-train.tfrecord-00002-of-00032,92566781,18.343440909557007,2.0,32.0,227.0,0.0044052861630916595,1.0,0.0,0.003333980916067958,0.033720385283231735,163.0,1.0,0.00881057268722467,1,1,,0.5639622211456299,0.0005189426010474563,0.0020706236828118563,0.0005181769374758005,0.002064182423055172
columbia_cairlab_pusht_real,/Users/avalok/work/Q-TAIL-MVP/data/openx_demo/columbia_cairlab_pusht_real/0.1.0/columbia_cairlab_pusht_real-train.tfrecord-00003-of-00032,25407970,17.050573501655553,3.0,32.0,232.0,0.004310344811528921,1.0,0.0,0.0033643313217908144,0.03341127559542656,163.0,1.0,0.008620689655172414,1,1,,0.6398061513900757,0.00014244070916902274,0.0030388073064386845,0.00014409507275559008,0.0029811111744493246
columbia_cairlab_pusht_real,/Users/avalok/work/Q-TAIL-MVP/data/openx_demo/columbia_cairlab_pusht_real/0.1.0/columbia_cairlab_pusht_real-train.tfrecord-00004-of-00032,28895502,17.179196535438532,4.0,32.0,262.0,0.003816793905571103,1.0,0.0,0.0025173339527100325,0.031241755932569504,163.0,1.0,0.007633587786259542,1,1,,0.6396450400352478,0.00016199231322389096,0.003021931741386652,0.00016330233484040946,0.002974222879856825
columbia_cairlab_pusht_real,/Users/avalok/work/Q-TAIL-MVP/data/openx_demo/columbia_cairlab_pusht_real/0.1.0/columbia_cairlab_pusht_real-train.tfrecord-00005-of-00032,61417355,17.93320302418322,5.0,32.0,127.0,0.007874015718698502,1.0,0.0,0.004616324324160814,0.04488949105143547,163.0,1.0,0.015748031496062992,1,1,,0.5875402688980103,0.0003443144669290632,0.002261136658489704,0.0003416661056689918,0.002256615785881877
columbia_cairlab_pusht_real,/Users/avalok/work/Q-TAIL-MVP/data/openx_demo/columbia_cairlab_pusht_real/0.1.0/columbia_cairlab_pusht_real-train.tfrecord-00006-of-00032,71068924,18.0791607387565,6.0,32.0,279.0,0.00358422938734293,1.0,0.0,0.002980282297357917,0.030529804527759552,163.0,1.0,0.007168458781362007,1,1,,0.6002880334854126,0.00039842253318056464,0.0024147832300513983,0.00039915533852763474,0.0024095529224723577
columbia_cairlab_pusht_real,/Users/avalok/work/Q-TAIL-MVP/data/openx_demo/columbia_cairlab_pusht_real/0.1.0/columbia_cairlab_pusht_real-train.tfrecord-00007-of-00032,77030475,18.159711693720677,7.0,32.0,304.0,0.003289473708719015,1.0,0.0,0.002910422161221504,0.029266253113746643,163.0,1.0,0.006578947368421052,1,1,,0.6020346283912659,0.0004318438295740634,0.002445330610498786,0.0004335526027716696,0.002446966478601098
columbia_cairlab_pusht_real,/Users/avalok/work/Q-TAIL-MVP/data/openx_demo/columbia_cairlab_pusht_real/0.1.0/columbia_cairlab_pusht_real-train.tfrecord-00008-of-00032,131768491,18.696557092272904,8.0,32.0,282.0,0.003546099178493023,1.0,0.0,0.002541913650929928,0.03015374206006527,163.0,1.0,0.0070921985815602835,1,1,,0.5753419995307922,0.0007387129589915276,0.002205977449193597,0.0007417890010401607,0.0021997683215886354
columbia_cairlab_pusht_real,/Users/avalok/work/Q-TAIL-MVP/data/openx_demo/columbia_cairlab_pusht_real/0.1.0/columbia_cairlab_pusht_real-train.tfrecord-00009-of-00032,106888828,18.487299871002545,9.0,32.0,218.0,0.004587155766785145,1.0,0.0,0.0034156101755797863,0.03438848257064819,163.0,1.0,0.009174311926605505,1,1,,0.5858413577079773,0.0005992340156808496,0.0022838378790766,0.0006002302980050445,0.0022742936853319407
columbia_cairlab_pusht_real,/Users/avalok/work/Q-TAIL-MVP/data/openx_demo/columbia_cairlab_pusht_real/0.1.0/columbia_cairlab_pusht_real-train.tfrecord-00010-of-00032,133770988,18.711639858531424,10.0,32.0,106.0,0.009433962404727936,1.0,0.0,0.004873587284237146,0.048971857875585556,163.0,1.0,0.018867924528301886,1,1,,0.5629145503044128,0.0007499392377212644,0.0021240641362965107,0.0007501795189455152,0.0021026937756687403
columbia_cairlab_pusht_real,/Users/avalok/work/Q-TAIL-MVP/data/openx_demo/columbia_cairlab_pusht_real/0.1.0/columbia_cairlab_pusht_real-train.tfrecord-00011-of-00032,88171489,18.294794226092474,11.0,32.0,207.0,0.004830917809158564,1.0,0.0,0.0036751762963831425,0.035374950617551804,163.0,1.0,0.00966183574879227,1,1,,0.604088544845581,0.0004943019594065845,0.0025088386610150337,0.0004944098764099181,0.002438679803162813
columbia_cairlab_pusht_real,/Users/avalok/work/Q-TAIL-MVP/data/openx_demo/columbia_cairlab_pusht_real/0.1.0/columbia_cairlab_pusht_real-train.tfrecord-00012-of-00032,41546804,17.542331181002275,12.0,32.0,208.0,0.004807692486792803,1.0,0.0,0.003391365287825465,0.03518567234277725,163.0,1.0,0.009615384615384616,1,1,,0.6498891711235046,0.00023291731486096978,0.0033009215258061886,0.0002311050338903442,0.0033174289856106043
columbia_cairlab_pusht_real,/Users/avalok/work/Q-TAIL-MVP/data/openx_demo/columbia_cairlab_pusht_real/0.1.0/columbia_cairlab_pusht_real-train.tfrecord-00013-of-00032,83749343,18.243338895802953,13.0,32.0,202.0,0.004950494971126318,1.0,0.0,0.0032848056871443987,0.035644665360450745,163.0,1.0,0.009900990099009901,1,1,,0.6151472926139832,0.00046951076365076005,0.002659720601513982,0.00046937359729781747,0.0025808766949921846
columbia_cairlab_pusht_real,/Users/avalok/work/Q-TAIL-MVP/data/openx_demo/columbia_cairlab_pusht_real/0.1.0/columbia_cairlab_pusht_real-train.tfrecord-00014-of-00032,126320688,18.654334382298305,14.0,32.0,264.0,0.0037878789007663727,1.0,0.0,0.002918081358075142,0.031268712133169174,163.0,1.0,0.007575757575757576,1,1,,0.602537214756012,0.0007081718067638576,0.0025268320459872484,0.0007121811504475772,0.002527205040678382
columbia_cairlab_pusht_real,/Users/avalok/work/Q-TAIL-MVP/data/openx_demo/columbia_cairlab_pusht_real/0.1.0/columbia_cairlab_pusht_real-train.tfrecord-00015-of-00032,77734829,18.168813977446497,15.0,32.0,239.0,0.0041841003112494946,1.0,0.0,0.003378296038135886,0.03296159952878952,163.0,1.0,0.008368200836820083,1,1,,0.631507158279419,0.0004357925499789417,0.00280384486541152,0.000435979338362813,0.002900113817304373
columbia_cairlab_pusht_real,/Users/avalok/work/Q-TAIL-MVP/data/openx_demo/columbia_cairlab_pusht_real/0.1.0/columbia_cairlab_pusht_real-train.tfrecord-00016-of-00032,53851877,17.801747835610374,16.0,32.0,224.0,0.004464285913854837,1.0,0.0,0.0032845421228557825,0.033983077853918076,163.0,1.0,0.008928571428571428,1,1,,0.6546874046325684,0.0003019013092853129,0.0033390913158655167,0.00030009725014679134,0.0035230948124080896
columbia_cairlab_pusht_real,/Users/avalok/work/Q-TAIL-MVP/data/openx_demo/columbia_cairlab_pusht_real/0.1.0/columbia_cairlab_pusht_real-train.tfrecord-00017-of-00032,238720721,19.290804899438903,17.0,32.0,199.0,0.005025125574320555,1.0,0.0,0.0035375552251935005,0.035972755402326584,163.0,1.0,0.010050251256281407,1,1,,0.5748056173324585,0.0013383023906499147,0.002370978705585003,0.0013313586823642254,0.002380697289481759
columbia_cairlab_pusht_real,/Users/avalok/work/Q-TAIL-MVP/data/openx_demo/columbia_cairlab_pusht_real/0.1.0/columbia_cairlab_pusht_real-train.tfrecord-00018-of-00032,68465958,18.041847230807313,18.0,32.0,290.0,0.003448275849223137,1.0,0.0,0.0037310912739485502,0.030316973105072975,163.0,1.0,0.006896551724137931,1,1,,0.6556616425514221,0.0003838299307972193,0.0033930791541934013,0.00038413418224081397,0.0035947116557508707
columbia_cairlab_pusht_real,/Users/avalok/work/Q-TAIL-MVP/data/openx_demo/columbia_cairlab_pusht_real/0.1.0/columbia_cairlab_pusht_real-train.tfrecord-00019-of-00032,117487319,18.58184097083164,19.0,32.0,148.0,0.006756756920367479,1.0,0.0,0.003948404919356108,0.0415780246257782,163.0,1.0,0.013513513513513514,1,1,,0.6163327693939209,0.0006586506497114897,0.002723726211115718,0.0006616627797484398,0.002638852223753929
columbia_cairlab_pusht_real,/Users/avalok/work/Q-TAIL-MVP/data/openx_demo/columbia_cairlab_pusht_real/0.1.0/columbia_cairlab_pusht_real-train.tfrecord-00020-of-00032,65655964,17.99993901521003,20.0,32.0,217.0,0.004608294926583767,1.0,0.0,0.003687532851472497,0.03460292890667915,163.0,1.0,0.009216589861751152,1,1,,0.6606446504592896,0.00036807669675908983,0.003952346742153168,0.0003668082063086331,0.0038311623502522707
columbia_cairlab_pusht_real,/Users/avalok/work/Q-TAIL-MVP/data/openx_demo/columbia_cairlab_pusht_real/0.1.0/columbia_cairlab_pusht_real-train.tfrecord-00021-of-00032,56683494,17.852993632847625,21.0,32.0,129.0,0.007751937955617905,1.0,0.0,0.004066162742674351,0.04436665400862694,163.0,1.0,0.015503875968992248,1,1,,0.6622608304023743,0.00031777576077729464,0.004092062823474407,0.0003165753441862762,0.004080800339579582
columbia_cairlab_pusht_real,/Users/avalok/work/Q-TAIL-MVP/data/openx_demo/columbia_cairlab_pusht_real/0.1.0/columbia_cairlab_pusht_real-train.tfrecord-00022-of-00032,72927769,18.10498005722705,22.0,32.0,268.0,0.0037313431967049837,1.0,0.0,0.003459905507043004,0.031240832060575485,163.0,1.0,0.007462686567164179,1,1,,0.668035626411438,0.00040884347981773317,0.004353445488959551,0.000408907828386873,0.0041549550369381905
columbia_cairlab_pusht_real,/Users/avalok/work/Q-TAIL-MVP/data/openx_demo/columbia_cairlab_pusht_real/0.1.0/columbia_cairlab_pusht_real-train.tfrecord-00023-of-00032,58131284,17.87821454505853,23.0,32.0,222.0,0.0045045046135783195,1.0,0.0,0.0034123267978429794,0.034194592386484146,163.0,1.0,0.009009009009009009,1,1,,0.6809274554252625,0.000325892266118899,0.004690633155405521,0.00032422420918010175,0.0047897230833768845
columbia_cairlab_pusht_real,/Users/avalok/work/Q-TAIL-MVP/data/openx_demo/columbia_cairlab_pusht_real/0.1.0/columbia_cairlab_pusht_real-train.tfrecord-00024-of-00032,61508559,17.934686910083006,24.0,32.0,244.0,0.004098360426723957,1.0,0.0,0.0031695906072854996,0.032563723623752594,163.0,1.0,0.00819672131147541,1,1,,0.684171199798584,0.0003448257630225271,0.005259310360997915,0.000343574007274583,0.004973317496478558
columbia_cairlab_pusht_real,/Users/avalok/work/Q-TAIL-MVP/data/openx_demo/columbia_cairlab_pusht_real/0.1.0/columbia_cairlab_pusht_real-train.tfrecord-00025-of-00032,81372073,18.214542700857294,25.0,32.0,157.0,0.006369426846504211,1.0,0.0,0.014213371090590954,0.06249033659696579,163.0,1.0,0.012738853503184714,1,1,,0.6643972396850586,0.0004561834502965212,0.004248813726007938,0.0004563067923299968,0.004191627260297537
columbia_cairlab_pusht_real,/Users/avalok/work/Q-TAIL-MVP/data/openx_demo/columbia_cairlab_pusht_real/0.1.0/columbia_cairlab_pusht_real-train.tfrecord-00026-of-00032,95818501,18.377966355817605,26.0,32.0,162.0,0.006172839552164078,1.0,0.0,0.0040353271178901196,0.03980572894215584,163.0,1.0,0.012345679012345678,1,1,,0.6600381731987,0.0005371721927076578,0.003935789689421654,0.0005393386236391962,0.004047342576086521
columbia_cairlab_pusht_real,/Users/avalok/work/Q-TAIL-MVP/data/openx_demo/columbia_cairlab_pusht_real/0.1.0/columbia_cairlab_pusht_real-train.tfrecord-00027-of-00032,80012323,18.197691230773675,27.0,32.0,250.0,0.004000000189989805,1.0,0.0,0.002911082934588194,0.03206757828593254,163.0,1.0,0.008,1,1,,0.6833534836769104,0.0004485604877118021,0.004909326788038015,0.00044885880197398365,0.005054636858403683
columbia_cairlab_pusht_real,/Users/avalok/work/Q-TAIL-MVP/data/openx_demo/columbia_cairlab_pusht_real/0.1.0/columbia_cairlab_pusht_real-train.tfrecord-00028-of-00032,117402223,18.58111640896078,28.0,32.0,240.0,0.004166666883975267,1.0,0.0,0.003436481114476919,0.03285108506679535,163.0,1.0,0.008333333333333333,1,1,,0.6658233404159546,0.0006581736379303038,0.004399663768708706,0.0006616999744437635,0.004256049636751413
columbia_cairlab_pusht_real,/Users/avalok/work/Q-TAIL-MVP/data/openx_demo/columbia_cairlab_pusht_real/0.1.0/columbia_cairlab_pusht_real-train.tfrecord-00029-of-00032,18207050,16.717319494602627,29.0,32.0,167.0,0.005988024175167084,1.0,0.0,0.003719983622431755,0.039110876619815826,163.0,1.0,0.011976047904191617,1,1,,0.7650041580200195,0.00010207131708739325,0.00828004814684391,0.0001048706253641285,0.00824031699448824
columbia_cairlab_pusht_real,/Users/avalok/work/Q-TAIL-MVP/data/openx_demo/columbia_cairlab_pusht_real/0.1.0/columbia_cairlab_pusht_real-train.tfrecord-00030-of-00032,100836893,18.429014858540288,30.0,32.0,246.0,0.004065040498971939,1.0,0.0,0.003329178085550666,0.03245166316628456,163.0,1.0,0.008130081300813009,1,1,,0.6834425330162048,0.0005653059924952686,0.005181601736694574,0.000567325740121305,0.00516783632338047
columbia_cairlab_pusht_real,/Users/avalok/work/Q-TAIL-MVP/data/openx_demo/columbia_cairlab_pusht_real/0.1.0/columbia_cairlab_pusht_real-train.tfrecord-00031-of-00032,57381574,17.865233816729145,31.0,32.0,238.0,0.004201680887490511,1.0,0.0,0.003014636691659689,0.032858069986104965,163.0,1.0,0.008403361344537815,1,1,,0.7180870771408081,0.0003216892946511507,0.006963949650526047,0.0003205701650585979,0.007055213209241629
language_table,/Users/avalok/work/Q-TAIL-MVP/data/openx_demo/language_table/0.0.1/language_table-train.tfrecord-00005,907813555,20.62654958067973,5.0,6.0,17.0,0.05882352963089943,1.0,0.0,0.03071688860654831,0.030429024249315262,352.0,17.0,0.0,1,1,,0.4739699959754944,0.005089332349598408,0.002233895007520914,0.005093189887702465,0.002228441648185253
language_table,/Users/avalok/work/Q-TAIL-MVP/data/openx_demo/language_table/0.0.1/language_table-train.tfrecord-00024,881968838,20.597667283414975,24.0,25.0,17.0,0.05882352963089943,1.0,0.0,0.02043367177248001,0.028696976602077484,496.0,20.0,0.0,1,1,,0.49795421957969666,0.004944443237036467,0.0024602683261036873,0.004951439797878265,0.002485698089003563
language_table,/Users/avalok/work/Q-TAIL-MVP/data/openx_demo/language_table/0.0.1/language_table-train.tfrecord-00026,849011830,20.55958367939643,26.0,27.0,12.0,0.0833333358168602,1.0,0.0,0.010820582509040833,0.011170686222612858,296.0,18.0,0.0,1,1,,0.4860711097717285,0.004759681411087513,0.0022619946394115686,0.004767469596117735,0.002285084454342723
language_table,/Users/avalok/work/Q-TAIL-MVP/data/openx_demo/language_table/0.0.1/language_table-train.tfrecord-00027,917617545,20.63729124521824,27.0,28.0,46.0,0.021739130839705467,1.0,0.0,0.012505587190389633,0.01863810420036316,312.0,17.0,0.0,1,1,,0.5100287795066833,0.0051442948170006275,0.002680521924048662,0.005131636280566454,0.0026598076801747084
language_table,/Users/avalok/work/Q-TAIL-MVP/data/openx_demo/language_table/0.0.1/language_table-train.tfrecord-00029,926607007,20.64704009405226,29.0,30.0,12.0,0.0833333358168602,1.0,0.0,0.010995480231940746,0.012428320944309235,288.0,17.0,0.0,1,1,,0.4813873767852783,0.005194691009819508,0.00233447109349072,0.0051979622803628445,0.0023230838123708963
language_table,/Users/avalok/work/Q-TAIL-MVP/data/openx_demo/language_table/0.0.1/language_table-train.tfrecord-00033,856197080,20.568011142419135,33.0,34.0,13.0,0.07692307978868484,1.0,0.0,0.006943188142031431,0.01064933743327856,168.0,14.0,0.0,1,1,,0.48036709427833557,0.004799962975084782,0.0021866573952138424,0.004794214852154255,0.002196840476244688
language_table,/Users/avalok/work/Q-TAIL-MVP/data/openx_demo/language_table/0.0.1/language_table-train.tfrecord-00036,855280259,20.566939762663488,36.0,37.0,37.0,0.027027027681469917,1.0,0.0,0.011064155958592892,0.015356556512415409,376.0,19.0,0.0,1,1,,0.513166069984436,0.004794823005795479,0.0026627066545188427,0.004807263147085905,0.0026412885636091232
language_table,/Users/avalok/work/Q-TAIL-MVP/data/openx_demo/language_table/0.0.1/language_table-train.tfrecord-00040,861335446,20.573994588143016,40.0,41.0,12.0,0.0833333358168602,1.0,0.0,0.0161520317196846,0.022301984950900078,328.0,15.0,0.0,1,1,,0.48853421211242676,0.004828769247978926,0.0023103496059775352,0.004831903614103794,0.0023258596193045378
language_table,/Users/avalok/work/Q-TAIL-MVP/data/openx_demo/language_table/0.0.1/language_table-train.tfrecord-00043,881928394,20.597621425868144,43.0,44.0,22.0,0.04545454680919647,1.0,0.0,0.015536095947027206,0.024349192157387733,272.0,17.0,0.0,1,1,,0.49712589383125305,0.004944216459989548,0.002451290376484394,0.004936333280056715,0.002447713864967227
language_table,/Users/avalok/work/Q-TAIL-MVP/data/openx_demo/language_table/0.0.1/language_table-train.tfrecord-00045,874894287,20.589613623309038,45.0,46.0,12.0,0.0833333358168602,1.0,0.0,0.019974658265709877,0.024446045979857445,400.0,20.0,0.0,1,1,,0.49103397130966187,0.004904782399535179,0.0023703407496213913,0.004905213136225939,0.0023787962272763252
language_table,/Users/avalok/work/Q-TAIL-MVP/data/openx_demo/language_table/0.0.1/language_table-train.tfrecord-00059,868353888,20.582109895756226,59.0,60.0,7.0,0.1428571492433548,1.0,0.0,0.044023651629686356,0.058008451014757156,287.0,17.0,0.0,1,1,,0.47794440388679504,0.0048681157641112804,0.0021966577041894197,0.004858185537159443,0.002192883752286434
language_table,/Users/avalok/work/Q-TAIL-MVP/data/openx_demo/language_table/0.0.1/language_table-train.tfrecord-00060,821227716,20.526310994366067,60.0,61.0,27.0,0.03703703731298447,1.0,0.0,0.03309192880988121,0.042526450008153915,336.0,18.0,0.0,1,1,,0.5094690322875977,0.004603919573128223,0.002506185555830598,0.004602507222443819,0.002522306051105261
language_table,/Users/avalok/work/Q-TAIL-MVP/data/openx_demo/language_table/0.0.1/language_table-train.tfrecord-00065,911962039,20.631108924365336,65.0,66.0,12.0,0.0833333358168602,1.0,0.0,0.01780311018228531,0.024866919964551926,488.0,20.0,0.0,1,1,,0.49238818883895874,0.0051125893369317055,0.0024546494241803885,0.005110620986670256,0.0024481844156980515
language_table,/Users/avalok/work/Q-TAIL-MVP/data/openx_demo/language_table/0.0.1/language_table-train.tfrecord-00079,871238836,20.585426707331386,79.0,80.0,12.0,0.0833333358168602,1.0,0.0,0.0213833749294281,0.0295809768140316,440.0,19.0,0.0,1,1,,0.49391767382621765,0.004884289111942053,0.0024104102049022913,0.004881299566477537,0.0024053985252976418
language_table,/Users/avalok/work/Q-TAIL-MVP/data/openx_demo/language_table/0.0.1/language_table-train.tfrecord-00081,881106937,20.596689559054056,81.0,82.0,12.0,0.0833333358168602,1.0,0.0,0.03092152811586857,0.039828140288591385,400.0,20.0,0.0,1,1,,0.4923174977302551,0.004939611069858074,0.0023981023114174604,0.004933843854814768,0.0023922130931168795
language_table,/Users/avalok/work/Q-TAIL-MVP/data/openx_demo/language_table/0.0.1/language_table-train.tfrecord-00095,830353148,20.537361648986554,95.0,96.0,12.0,0.0833333358168602,1.0,0.0,0.013167481869459152,0.018223291262984276,296.0,15.0,0.0,1,1,,0.4910042881965637,0.004655078053474426,0.002293614437803626,0.004659732338041067,0.0023051598109304905
language_table,/Users/avalok/work/Q-TAIL-MVP/data/openx_demo/language_table/0.0.1/language_table-train.tfrecord-00102,907516723,20.626222552583613,102.0,103.0,33.0,0.03030303120613098,1.0,0.0,0.014947785064578056,0.023051243275403976,320.0,19.0,0.0,1,1,,0.5079315900802612,0.00508766807615757,0.0026114818174391985,0.005083445925265551,0.0026252656243741512
language_table,/Users/avalok/work/Q-TAIL-MVP/data/openx_demo/language_table/0.0.1/language_table-train.tfrecord-00112,880802526,20.596344012351373,112.0,113.0,7.0,0.1428571492433548,1.0,0.0,0.009328371845185757,0.015037070028483868,287.0,16.0,0.0,1,1,,0.47722330689430237,0.004937904421240091,0.0022058174945414066,0.004944074433296919,0.0022153714671730995
language_table,/Users/avalok/work/Q-TAIL-MVP/data/openx_demo/language_table/0.0.1/language_table-train.tfrecord-00121,954861827,20.677077205254935,121.0,122.0,22.0,0.04545454680919647,1.0,0.0,0.03367127478122711,0.045443058013916016,536.0,19.0,0.0,1,1,,0.5046700835227966,0.00535309175029397,0.002623895416036248,0.005362582392990589,0.002648239256814122
language_table,/Users/avalok/work/Q-TAIL-MVP/data/openx_demo/language_table/0.0.1/language_table-train.tfrecord-00122,764293627,20.45446260313793,122.0,123.0,12.0,0.0833333358168602,1.0,0.0,0.03382807597517967,0.04617948830127716,384.0,19.0,0.0,1,1,,0.5002211928367615,0.004284739028662443,0.002309773350134492,0.0042778379283845425,0.0023074543569236994
language_table,/Users/avalok/work/Q-TAIL-MVP/data/openx_demo/language_table/0.0.1/language_table-train.tfrecord-00124,626080051,20.254988799482852,124.0,125.0,7.0,0.1428571492433548,1.0,0.0,0.03563133254647255,0.037702858448028564,336.0,17.0,0.0,1,1,,0.4989149570465088,0.003509894013404846,0.0020790945272892714,0.0035085210110992193,0.0020658865105360746
language_table,/Users/avalok/work/Q-TAIL-MVP/data/openx_demo/language_table/0.0.1/language_table-train.tfrecord-00125,834638947,20.542509791699537,125.0,126.0,17.0,0.05882352963089943,1.0,0.0,0.03240301087498665,0.03625141456723213,296.0,16.0,0.0,1,1,,0.49849385023117065,0.004679105244576931,0.002396658295765519,0.004674556199461222,0.0023935448843985796
language_table,/Users/avalok/work/Q-TAIL-MVP/data/openx_demo/language_table/0.0.1/language_table-train.tfrecord-00129,806086308,20.507701377864464,129.0,130.0,22.0,0.04545454680919647,1.0,0.0,0.04066814109683037,0.05311372131109238,368.0,17.0,0.0,1,1,,0.5089702606201172,0.004519034642726183,0.002465824130922556,0.004516616929322481,0.0024854950606822968
language_table,/Users/avalok/work/Q-TAIL-MVP/data/openx_demo/language_table/0.0.1/language_table-train.tfrecord-00142,877632563,20.59273857197983,142.0,143.0,32.0,0.03125,1.0,0.0,0.010519945994019508,0.013537054881453514,400.0,17.0,0.0,1,1,,0.5123100876808167,0.004920133389532566,0.002682332182303071,0.004934963770210743,0.0026600067503750324
language_table,/Users/avalok/work/Q-TAIL-MVP/data/openx_demo/language_table/0.0.1/language_table-train.tfrecord-00147,785836544,20.482259370751947,147.0,148.0,7.0,0.1428571492433548,1.0,0.0,0.028710389509797096,0.032088540494441986,350.0,17.0,0.0,1,1,,0.48700591921806335,0.004405512008816004,0.002169259125366807,0.004399229772388935,0.0021932509262114763
language_table,/Users/avalok/work/Q-TAIL-MVP/data/openx_demo/language_table/0.0.1/language_table-train.tfrecord-00154,764597853,20.454860572526336,154.0,155.0,23.0,0.043478261679410934,1.0,0.0,0.02240016683936119,0.028915075585246086,416.0,18.0,0.0,1,1,,0.514135479927063,0.004286444745957851,0.0025451320689171553,0.004294040147215128,0.002496651140972972
language_table,/Users/avalok/work/Q-TAIL-MVP/data/openx_demo/language_table/0.0.1/language_table-train.tfrecord-00158,844021037,20.553687978789853,158.0,159.0,7.0,0.1428571492433548,1.0,0.0,0.029990756884217262,0.04220031946897507,266.0,17.0,0.0,1,1,,0.47956040501594543,0.0047317021526396275,0.0021625927183777094,0.004730179440230131,0.002179892733693123
language_table,/Users/avalok/work/Q-TAIL-MVP/data/openx_demo/language_table/0.0.1/language_table-train.tfrecord-00163,814097546,20.51759075339632,163.0,164.0,22.0,0.04545454680919647,1.0,0.0,0.013752936385571957,0.01748601533472538,400.0,21.0,0.0,1,1,,0.509139895439148,0.004563947208225727,0.0024913891684263945,0.004574159160256386,0.002516863401979208
language_table,/Users/avalok/work/Q-TAIL-MVP/data/openx_demo/language_table/0.0.1/language_table-train.tfrecord-00175,834011286,20.541757493804585,175.0,176.0,31.0,0.032258063554763794,1.0,0.0,0.023027846589684486,0.030145859345793724,344.0,21.0,0.0,1,1,,0.5131064653396606,0.004675586242228746,0.0026272626128047705,0.0046790586784482,0.002595291007310152
language_table,/Users/avalok/work/Q-TAIL-MVP/data/openx_demo/language_table/0.0.1/language_table-train.tfrecord-00177,824740796,20.53057970947782,177.0,178.0,32.0,0.03125,1.0,0.0,0.035573750734329224,0.046477656811475754,336.0,20.0,0.0,1,1,,0.5143883228302002,0.004623614717274904,0.0026415197644382715,0.004621459636837244,0.002590433694422245
language_table,/Users/avalok/work/Q-TAIL-MVP/data/openx_demo/language_table/0.0.1/language_table-train.tfrecord-00181,899765268,20.61764447504894,181.0,182.0,26.0,0.03846153989434242,1.0,0.0,0.014592552557587624,0.019972139969468117,296.0,17.0,0.0,1,1,,0.5029144287109375,0.005044212564826012,0.0025243195705115795,0.005038093309849501,0.002546977251768112
language_table,/Users/avalok/work/Q-TAIL-MVP/data/openx_demo/language_table/0.0.1/language_table-train.tfrecord-00193,843832368,20.553464417904763,193.0,194.0,16.0,0.0625,1.0,0.0,0.01797810196876526,0.025395402684807777,320.0,19.0,0.0,1,1,,0.49793824553489685,0.004730644635856152,0.0023949036840349436,0.004732200410217047,0.0024072180967777967
language_table,/Users/avalok/work/Q-TAIL-MVP/data/openx_demo/language_table/0.0.1/language_table-train.tfrecord-00196,868497426,20.582275181061885,196.0,197.0,7.0,0.1428571492433548,1.0,0.0,0.03819926455616951,0.03502408042550087,217.0,16.0,0.0,1,1,,0.4753839671611786,0.004868920426815748,0.002183407312259078,0.004868987947702408,0.002154548652470112
language_table,/Users/avalok/work/Q-TAIL-MVP/data/openx_demo/language_table/0.0.1/language_table-train.tfrecord-00198,903526873,20.62181641188182,198.0,199.0,7.0,0.1428571492433548,1.0,0.0,0.02198849432170391,0.031119588762521744,245.0,17.0,0.0,1,1,,0.47464656829833984,0.00506530050188303,0.0022317280527204275,0.005065801087766886,0.002199661685153842
language_table,/Users/avalok/work/Q-TAIL-MVP/data/openx_demo/language_table/0.0.1/language_table-train.tfrecord-00204,859021525,20.57130453900591,204.0,205.0,12.0,0.0833333358168602,1.0,0.0,0.03167642280459404,0.043422479182481766,272.0,15.0,0.0,1,1,,0.489322692155838,0.004815797321498394,0.0023113414645195007,0.004809303674846888,0.0023097163066267967
language_table,/Users/avalok/work/Q-TAIL-MVP/data/openx_demo/language_table/0.0.1/language_table-train.tfrecord-00206,820464965,20.525381769228158,206.0,207.0,22.0,0.04545454680919647,1.0,0.0,0.01649731956422329,0.026654141023755074,312.0,18.0,0.0,1,1,,0.5055460929870605,0.004599643871188164,0.002421713201329112,0.004601072520017624,0.0024708297569304705
language_table,/Users/avalok/work/Q-TAIL-MVP/data/openx_demo/language_table/0.0.1/language_table-train.tfrecord-00209,845011306,20.554860566297013,209.0,210.0,7.0,0.1428571492433548,1.0,0.0,0.010992645286023617,0.013574070297181606,238.0,15.0,0.0,1,1,,0.4774887263774872,0.00473725376650691,0.002155197551473975,0.004748928360641003,0.002163431141525507
language_table,/Users/avalok/work/Q-TAIL-MVP/data/openx_demo/language_table/0.0.1/language_table-train.tfrecord-00216,755249148,20.44255825145121,216.0,217.0,7.0,0.1428571492433548,1.0,0.0,0.011136128567159176,0.01679104194045067,280.0,15.0,0.0,1,1,,0.4859267473220825,0.004234034568071365,0.0021145951468497515,0.004244215786457062,0.002136871451511979
language_table,/Users/avalok/work/Q-TAIL-MVP/data/openx_demo/language_table/0.0.1/language_table-train.tfrecord-00218,776928680,20.47085911647439,218.0,219.0,17.0,0.05882352963089943,1.0,0.0,0.02686835452914238,0.039470124989748,360.0,19.0,0.0,1,1,,0.5056655406951904,0.00435557309538126,0.0023606205359101295,0.004355468321591616,0.0023975083604454994
language_table,/Users/avalok/work/Q-TAIL-MVP/data/openx_demo/language_table/0.0.1/language_table-train.tfrecord-00221,735726675,20.41636924358998,221.0,222.0,7.0,0.1428571492433548,1.0,0.0,0.024826794862747192,0.03121323138475418,462.0,21.0,0.0,1,1,,0.49482595920562744,0.0041245887987315655,0.0022061180789023638,0.004105146508663893,0.002204054733738303
language_table,/Users/avalok/work/Q-TAIL-MVP/data/openx_demo/language_table/0.0.1/language_table-train.tfrecord-00225,743249700,20.42654261755515,225.0,226.0,12.0,0.0833333358168602,1.0,0.0,0.03317547217011452,0.033798471093177795,320.0,15.0,0.0,1,1,,0.49945515394210815,0.004166763741523027,0.0022653054911643267,0.004165873862802982,0.0022620074450969696
language_table,/Users/avalok/work/Q-TAIL-MVP/data/openx_demo/language_table/0.0.1/language_table-train.tfrecord-00226,778476139,20.472848900085282,226.0,227.0,7.0,0.1428571492433548,1.0,0.0,0.039575327187776566,0.05208447203040123,224.0,15.0,0.0,1,1,,0.4820828139781952,0.004364248365163803,0.0021249025594443083,0.004366968292742968,0.002108450513333082
language_table,/Users/avalok/work/Q-TAIL-MVP/data/openx_demo/language_table/0.0.1/language_table-train.tfrecord-00231,750949697,20.436849227458517,231.0,232.0,7.0,0.1428571492433548,1.0,0.0,0.025189103558659554,0.028653057292103767,231.0,17.0,0.0,1,1,,0.48412778973579407,0.004209931008517742,0.0021020902786403894,0.004221174865961075,0.0021008753683418036
language_table,/Users/avalok/work/Q-TAIL-MVP/data/openx_demo/language_table/0.0.1/language_table-train.tfrecord-00234,770152134,20.462098631218133,234.0,235.0,22.0,0.04545454680919647,1.0,0.0,0.0342305451631546,0.04913832247257233,248.0,15.0,0.0,1,1,,0.5063558220863342,0.004317582584917545,0.0023779848124831915,0.004307279828935862,0.0023877108469605446
language_table,/Users/avalok/work/Q-TAIL-MVP/data/openx_demo/language_table/0.0.1/language_table-train.tfrecord-00239,755999814,20.443551689434784,239.0,240.0,12.0,0.0833333358168602,1.0,0.0,0.04316067695617676,0.06013272702693939,256.0,16.0,0.0,1,1,,0.49601832032203674,0.004238242749124765,0.0022425337228924036,0.00423254631459713,0.0022318996489048004
language_table,/Users/avalok/work/Q-TAIL-MVP/data/openx_demo/language_table/0.0.1/language_table-train.tfrecord-00242,793590943,20.492078702579505,242.0,243.0,22.0,0.04545454680919647,1.0,0.0,0.030302397906780243,0.04023811221122742,352.0,21.0,0.0,1,1,,0.5095844268798828,0.004448983818292618,0.0024691931903362274,0.004449923522770405,0.0024770330637693405
language_table,/Users/avalok/work/Q-TAIL-MVP/data/openx_demo/language_table/0.0.1/language_table-train.tfrecord-00256,791173741,20.489028150158862,256.0,257.0,7.0,0.1428571492433548,1.0,0.0,0.03571140021085739,0.045595522969961166,280.0,17.0,0.0,1,1,,0.48425501585006714,0.004435433074831963,0.002168480306863785,0.004432917106896639,0.0021598166786134243
language_table,/Users/avalok/work/Q-TAIL-MVP/data/openx_demo/language_table/0.0.1/language_table-train.tfrecord-00260,722257650,20.397892490539384,260.0,261.0,7.0,0.1428571492433548,1.0,0.0,0.025740670040249825,0.029872149229049683,420.0,19.0,0.0,1,1,,0.49455687403678894,0.004049079492688179,0.002184145851060748,0.004035293590277433,0.0021790924947708845
language_table,/Users/avalok/work/Q-TAIL-MVP/data/openx_demo/language_table/0.0.1/language_table-train.tfrecord-00261,752513170,20.43892905742416,261.0,262.0,12.0,0.0833333358168602,1.0,0.0,0.0327780656516552,0.04033990949392319,264.0,17.0,0.0,1,1,,0.49641406536102295,0.004218696150928736,0.0022437660954892635,0.0042184884659945965,0.002237345790490508
language_table,/Users/avalok/work/Q-TAIL-MVP/data/openx_demo/language_table/0.0.1/language_table-train.tfrecord-00266,726246685,20.40340030295303,266.0,267.0,7.0,0.1428571492433548,1.0,0.0,0.02779671736061573,0.030458858236670494,294.0,17.0,0.0,1,1,,0.48934900760650635,0.004071442410349846,0.0021039394196122885,0.004074316471815109,0.002125828992575407
language_table,/Users/avalok/work/Q-TAIL-MVP/data/openx_demo/language_table/0.0.1/language_table-train.tfrecord-00284,785523638,20.48186110941464,284.0,285.0,7.0,0.1428571492433548,1.0,0.0,0.02759273163974285,0.04065835848450661,224.0,17.0,0.0,1,1,,0.4815402626991272,0.004403757397085428,0.002113023540005088,0.004410546738654375,0.0021169595420360565
language_table,/Users/avalok/work/Q-TAIL-MVP/data/openx_demo/language_table/0.0.1/language_table-train.tfrecord-00291,810751733,20.513472441909823,291.0,292.0,22.0,0.04545454680919647,1.0,0.0,0.015119624324142933,0.02499900572001934,312.0,16.0,0.0,1,1,,0.5062705278396606,0.004545189905911684,0.0024299221113324165,0.00454736826941371,0.0024655433371663094
language_table,/Users/avalok/work/Q-TAIL-MVP/data/openx_demo/language_table/0.0.1/language_table-train.tfrecord-00300,822772758,20.528190607513917,300.0,301.0,17.0,0.05882352963089943,1.0,0.0,0.03023355081677437,0.03838733211159706,272.0,16.0,0.0,1,1,,0.49877694249153137,0.004612581338733435,0.0023849119897931814,0.004606657195836306,0.0023758288007229567
language_table,/Users/avalok/work/Q-TAIL-MVP/data/openx_demo/language_table/0.0.1/language_table-train.tfrecord-00302,793004957,20.491340031786386,302.0,303.0,7.0,0.1428571492433548,1.0,0.0,0.041870515793561935,0.05070009455084801,231.0,16.0,0.0,1,1,,0.48170536756515503,0.004445699043571949,0.002142916200682521,0.004446218255907297,0.0021250550635159016
language_table,/Users/avalok/work/Q-TAIL-MVP/data/openx_demo/language_table/0.0.1/language_table-train.tfrecord-00306,656000586,20.301672241725036,306.0,307.0,7.0,0.1428571492433548,1.0,0.0,0.004868142306804657,0.005043032579123974,280.0,19.0,0.0,1,1,,0.49380889534950256,0.0036776328925043344,0.00206940365023911,0.003694006474688649,0.00207014218904078
language_table,/Users/avalok/work/Q-TAIL-MVP/data/openx_demo/language_table/0.0.1/language_table-train.tfrecord-00315,673654030,20.32822722996772,315.0,316.0,7.0,0.1428571492433548,1.0,0.0,0.040873367339372635,0.04878348112106323,322.0,17.0,0.0,1,1,,0.495191752910614,0.0037766005843877792,0.002112502697855234,0.0037718929816037416,0.002101489109918475
language_table,/Users/avalok/work/Q-TAIL-MVP/data/openx_demo/language_table/0.0.1/language_table-train.tfrecord-00347,849919744,20.56065248534395,347.0,348.0,22.0,0.04545454680919647,1.0,0.0,0.03199363872408867,0.04401786997914314,512.0,19.0,0.0,1,1,,0.5111357569694519,0.004764771554619074,0.00260228686966002,0.0047710309736430645,0.0025900143664330244
language_table,/Users/avalok/work/Q-TAIL-MVP/data/openx_demo/language_table/0.0.1/language_table-train.tfrecord-00352,861478746,20.574160943865913,352.0,353.0,7.0,0.1428571492433548,1.0,0.0,0.02299141325056553,0.0290718711912632,287.0,17.0,0.0,1,1,,0.4796914756298065,0.004829572979360819,0.0021933121606707573,0.004829381592571735,0.002210424281656742
language_table,/Users/avalok/work/Q-TAIL-MVP/data/openx_demo/language_table/0.0.1/language_table-train.tfrecord-00406,884968266,20.60106234583217,406.0,407.0,12.0,0.0833333358168602,1.0,0.0,0.030017340555787086,0.03825785964727402,384.0,17.0,0.0,1,1,,0.4927442967891693,0.004961258266121149,0.002415020950138569,0.0049555073492228985,0.002397710457444191
language_table,/Users/avalok/work/Q-TAIL-MVP/data/openx_demo/language_table/0.0.1/language_table-train.tfrecord-00438,841939140,20.551218290496955,438.0,439.0,12.0,0.0833333358168602,1.0,0.0,0.02679339237511158,0.042041461914777756,344.0,18.0,0.0,1,1,,0.4940444529056549,0.004720030818134546,0.002371432026848197,0.004715523216873407,0.0023504497949033976
language_table,/Users/avalok/work/Q-TAIL-MVP/data/openx_demo/language_table/0.0.1/language_table-train.tfrecord-00444,973452884,20.69635998407066,444.0,445.0,7.0,0.1428571492433548,1.0,0.0,0.008666968904435635,0.014433649368584156,343.0,18.0,0.0,1,1,,0.4751523435115814,0.005457315593957901,0.0023472439497709274,0.005455645266920328,0.002309658797457814
language_table_sim,/Users/avalok/work/Q-TAIL-MVP/data/openx_demo/language_table_sim/0.0.1/language_table_sim-train.tfrecord-00000,644648754,20.284216160538715,0.0,1.0,10.0,10.0,100.0,0.0,0.006191751454025507,0.009088023565709591,512.0,21.0,0.1,1,1,,0.08545421808958054,0.003613992827013135,0.0010129907168447971,0.0036137658171355724,0.0010087806731462479
language_table_sim,/Users/avalok/work/Q-TAIL-MVP/data/openx_demo/language_table_sim/0.0.1/language_table_sim-train.tfrecord-00001,505284060,20.040631326127183,1.0,2.0,20.0,5.0,100.0,0.0,0.011353124864399433,0.014045524410903454,392.0,17.0,0.05,1,1,,0.178872212767601,0.0028326944448053837,0.0007942842785269022,0.002826251555234194,0.0008012820035219193
language_table_sim,/Users/avalok/work/Q-TAIL-MVP/data/openx_demo/language_table_sim/0.0.1/language_table_sim-train.tfrecord-00002,644067521,20.283314126398565,2.0,3.0,42.0,2.3809523582458496,100.0,0.0,0.008252473548054695,0.010222249664366245,456.0,17.0,0.023809523809523808,1,1,,0.20606935024261475,0.003610734362155199,0.001028194441460073,0.0035980776883661747,0.0010237027890980244
language_table_sim,/Users/avalok/work/Q-TAIL-MVP/data/openx_demo/language_table_sim/0.0.1/language_table_sim-train.tfrecord-00003,522347690,20.07384399883025,3.0,4.0,17.0,5.882352828979492,100.0,0.0,0.005217497702687979,0.0073393117636442184,352.0,17.0,0.058823529411764705,1,1,,0.20713089406490326,0.0029283557087183,0.0008461910183541477,0.0029331010300666094,0.0008362570661120117
language_table_sim,/Users/avalok/work/Q-TAIL-MVP/data/openx_demo/language_table_sim/0.0.1/language_table_sim-train.tfrecord-00004,645554608,20.285620364207876,4.0,5.0,13.0,7.692307472229004,100.0,0.0,0.010480745695531368,0.014434587210416794,472.0,21.0,0.07692307692307693,1,1,,0.20149661600589752,0.003619071329012513,0.0010160772362723947,0.0036421401891857386,0.0009771017357707024
language_table_sim,/Users/avalok/work/Q-TAIL-MVP/data/openx_demo/language_table_sim/0.0.1/language_table_sim-train.tfrecord-00005,512447433,20.054708695911522,5.0,6.0,16.0,6.25,100.0,0.0,0.008732229471206665,0.011573291383683681,320.0,13.0,0.0625,1,1,,0.2172652781009674,0.0028728533070534468,0.0008403279352933168,0.0028760212007910013,0.0008573937811888754
language_table_sim,/Users/avalok/work/Q-TAIL-MVP/data/openx_demo/language_table_sim/0.0.1/language_table_sim-train.tfrecord-00007,524762801,20.078456912746656,7.0,8.0,24.0,4.166666507720947,100.0,0.0,0.005965072195976973,0.00856977328658104,480.0,19.0,0.041666666666666664,1,1,,0.23570585250854492,0.002941895043477416,0.0009993516141548753,0.0029426550026983023,0.0010149544104933739
language_table_sim,/Users/avalok/work/Q-TAIL-MVP/data/openx_demo/language_table_sim/0.0.1/language_table_sim-train.tfrecord-00009,506058109,20.042162062555146,9.0,10.0,34.0,2.941176414489746,100.0,0.0,0.011008922941982746,0.013697300106287003,488.0,20.0,0.029411764705882353,1,1,,0.2487252801656723,0.0028370339423418045,0.0011252989061176777,0.0028378476854413748,0.0010987584246322513
language_table_sim,/Users/avalok/work/Q-TAIL-MVP/data/openx_demo/language_table_sim/0.0.1/language_table_sim-train.tfrecord-00010,640912908,20.278404138259436,10.0,11.0,38.0,2.6315789222717285,100.0,0.0,0.013149076141417027,0.015936564654111862,280.0,17.0,0.02631578947368421,1,1,,0.23166370391845703,0.003593049244955182,0.0011297086020931602,0.003589697415009141,0.001143075292930007
language_table_sim,/Users/avalok/work/Q-TAIL-MVP/data/openx_demo/language_table_sim/0.0.1/language_table_sim-train.tfrecord-00011,513997187,20.057728352587354,11.0,12.0,13.0,7.692307472229004,100.0,0.0,0.015917943790555,0.01371040754020214,312.0,19.0,0.07692307692307693,1,1,,0.22468562424182892,0.0028815416153520346,0.0008605957264080644,0.0028835919220000505,0.0008938027895055711
language_table_sim,/Users/avalok/work/Q-TAIL-MVP/data/openx_demo/language_table_sim/0.0.1/language_table_sim-train.tfrecord-00012,635319466,20.269638527983574,12.0,13.0,21.0,4.761904716491699,100.0,0.0,0.011792181059718132,0.0146348150447011,440.0,21.0,0.047619047619047616,1,1,,0.2282440960407257,0.003561691613867879,0.00108812446705997,0.0035676248371601105,0.0011080997064709663
language_table_sim,/Users/avalok/work/Q-TAIL-MVP/data/openx_demo/language_table_sim/0.0.1/language_table_sim-train.tfrecord-00013,521743373,20.072686404272186,13.0,14.0,11.0,9.090909004211426,100.0,0.0,0.01125056017190218,0.013674070127308369,280.0,18.0,0.09090909090909091,1,1,,0.22069258987903595,0.0029249677900224924,0.0008599304128438234,0.0029249624349176884,0.000874253106303513
language_table_sim,/Users/avalok/work/Q-TAIL-MVP/data/openx_demo/language_table_sim/0.0.1/language_table_sim-train.tfrecord-00014,631523499,20.263645712047392,14.0,15.0,26.0,3.846153736114502,100.0,0.0,0.011189921759068966,0.011609530076384544,560.0,21.0,0.038461538461538464,1,1,,0.23762927949428558,0.0035404108930379152,0.0012033384991809726,0.00354012637399137,0.0011937662493437529
language_table_sim,/Users/avalok/work/Q-TAIL-MVP/data/openx_demo/language_table_sim/0.0.1/language_table_sim-train.tfrecord-00015,511706187,20.053261166725456,15.0,16.0,13.0,7.692307472229004,100.0,0.0,0.010572651401162148,0.01165287010371685,320.0,17.0,0.07692307692307693,1,1,,0.2280082255601883,0.002868697978556156,0.0008885671850293875,0.002870196010917425,0.0009135378058999777
language_table_sim,/Users/avalok/work/Q-TAIL-MVP/data/openx_demo/language_table_sim/0.0.1/language_table_sim-train.tfrecord-00016,661714281,20.310344422548667,16.0,17.0,43.0,2.3255813121795654,100.0,0.0,0.00931663066148758,0.013108082115650177,496.0,21.0,0.023255813953488372,1,1,,0.24483421444892883,0.0037096645683050156,0.0013186882715672255,0.00370597536675632,0.0013057560427114367
language_table_sim,/Users/avalok/work/Q-TAIL-MVP/data/openx_demo/language_table_sim/0.0.1/language_table_sim-train.tfrecord-00017,515945255,20.06151122479432,17.0,18.0,16.0,6.25,100.0,0.0,0.01333465427160263,0.015441547147929668,448.0,19.0,0.0625,1,1,,0.23741713166236877,0.002892462769523263,0.0010210276814177632,0.0028946087695658207,0.001011629938147962
language_table_sim,/Users/avalok/work/Q-TAIL-MVP/data/openx_demo/language_table_sim/0.0.1/language_table_sim-train.tfrecord-00018,664045200,20.313860778918972,18.0,19.0,11.0,9.090909004211426,100.0,0.0,0.010114037431776524,0.008823566138744354,320.0,15.0,0.09090909090909091,1,1,,0.21167854964733124,0.003722732188180089,0.0010694987140595913,0.0037185540422797203,0.0010094291064888239
language_table_sim,/Users/avalok/work/Q-TAIL-MVP/data/openx_demo/language_table_sim/0.0.1/language_table_sim-train.tfrecord-00020,667110706,20.318466567618398,20.0,21.0,22.0,4.545454502105713,100.0,0.0,0.008826440200209618,0.011078111827373505,384.0,17.0,0.045454545454545456,1,1,,0.22851763665676117,0.0037399178836494684,0.00114778196439147,0.003747536800801754,0.0011548209004104137
language_table_sim,/Users/avalok/work/Q-TAIL-MVP/data/openx_demo/language_table_sim/0.0.1/language_table_sim-train.tfrecord-00021,512775489,20.05534866601659,21.0,22.0,35.0,2.857142925262451,100.0,0.0,0.006054092664271593,0.009045169688761234,464.0,21.0,0.02857142857142857,1,1,,0.2554415762424469,0.0028746924363076687,0.001195252756588161,0.0028753934893757105,0.0011910515604540706
language_table_sim,/Users/avalok/work/Q-TAIL-MVP/data/openx_demo/language_table_sim/0.0.1/language_table_sim-train.tfrecord-00022,619446530,20.244336945381196,22.0,23.0,32.0,3.125,100.0,0.0,0.006231269799172878,0.0086596067994833,296.0,17.0,0.03125,1,1,,0.23719888925552368,0.003472705604508519,0.0011798592749983072,0.003472386160865426,0.0011679065646603703
language_table_sim,/Users/avalok/work/Q-TAIL-MVP/data/openx_demo/language_table_sim/0.0.1/language_table_sim-train.tfrecord-00023,518270396,20.066007665958647,23.0,24.0,54.0,1.8518518209457397,100.0,0.0,0.0080185541883111,0.010607417672872543,480.0,19.0,0.018518518518518517,1,1,,0.26482847332954407,0.002905497793108225,0.0012897272827103734,0.0029140161350369453,0.0012796608498319983
language_table_sim,/Users/avalok/work/Q-TAIL-MVP/data/openx_demo/language_table_sim/0.0.1/language_table_sim-train.tfrecord-00024,644675935,20.28425832369621,24.0,25.0,37.0,2.702702760696411,100.0,0.0,0.012201574631035328,0.014203273691236973,352.0,17.0,0.02702702702702703,1,1,,0.24100027978420258,0.0036141453310847282,0.001234545256011188,0.0036127872299402952,0.001243402250111103
language_table_sim,/Users/avalok/work/Q-TAIL-MVP/data/openx_demo/language_table_sim/0.0.1/language_table_sim-train.tfrecord-00025,507990105,20.045972528975135,25.0,26.0,41.0,2.4390244483947754,100.0,0.0,0.013110176660120487,0.015223308466374874,664.0,20.0,0.024390243902439025,1,1,,0.2653219699859619,0.002847864991053939,0.0012742229737341404,0.002850757911801338,0.0012792351190000772
language_table_sim,/Users/avalok/work/Q-TAIL-MVP/data/openx_demo/language_table_sim/0.0.1/language_table_sim-train.tfrecord-00027,516252987,20.06210749011623,27.0,28.0,12.0,8.333333015441895,100.0,0.0,0.011492948979139328,0.007254783064126968,392.0,19.0,0.08333333333333333,1,1,,0.23250636458396912,0.0028941878117620945,0.0009418990812264383,0.002897071884945035,0.0009601979400031269
language_table_sim,/Users/avalok/work/Q-TAIL-MVP/data/openx_demo/language_table_sim/0.0.1/language_table_sim-train.tfrecord-00028,652752621,20.296708782387224,28.0,29.0,22.0,4.545454502105713,100.0,0.0,0.012054214254021645,0.012124694883823395,304.0,17.0,0.045454545454545456,1,1,,0.22841233015060425,0.0036594243720173836,0.0011234196135774255,0.003664312418550253,0.0011282165069133043
language_table_sim,/Users/avalok/work/Q-TAIL-MVP/data/openx_demo/language_table_sim/0.0.1/language_table_sim-train.tfrecord-00029,512444387,20.054702751869556,29.0,30.0,24.0,4.166666507720947,100.0,0.0,0.007290950510650873,0.00952178705483675,344.0,16.0,0.041666666666666664,1,1,,0.24518288671970367,0.00287283631041646,0.0010894631268456578,0.002872269134968519,0.0010823591146618128
language_table_sim,/Users/avalok/work/Q-TAIL-MVP/data/openx_demo/language_table_sim/0.0.1/language_table_sim-train.tfrecord-00030,655353282,20.30068501155417,30.0,31.0,17.0,5.882352828979492,100.0,0.0,0.005177404265850782,0.008429992944002151,368.0,16.0,0.058823529411764705,1,1,,0.22574155032634735,0.0036740039940923452,0.0010828010272234678,0.0036804804112762213,0.0011083475546911359
language_table_sim,/Users/avalok/work/Q-TAIL-MVP/data/openx_demo/language_table_sim/0.0.1/language_table_sim-train.tfrecord-00031,513968710,20.057672948025715,31.0,32.0,15.0,6.666666507720947,100.0,0.0,0.005777780432254076,0.008128015324473381,360.0,17.0,0.06666666666666667,1,1,,0.23647278547286987,0.002881381893530488,0.0010012368438765407,0.0028815423138439655,0.0009913148824125528
language_table_sim,/Users/avalok/work/Q-TAIL-MVP/data/openx_demo/language_table_sim/0.0.1/language_table_sim-train.tfrecord-00032,639120310,20.275603274744526,32.0,33.0,20.0,5.0,100.0,0.0,0.011124980635941029,0.01330056507140398,328.0,15.0,0.05,1,1,,0.22918295860290527,0.00358299957588315,0.0011044760467484593,0.0035869465209543705,0.0011137060355395079
language_table_sim,/Users/avalok/work/Q-TAIL-MVP/data/openx_demo/language_table_sim/0.0.1/language_table_sim-train.tfrecord-00034,638079853,20.273973996486234,34.0,35.0,20.0,5.0,100.0,0.0,0.009584439918398857,0.013555850833654404,600.0,21.0,0.05,1,1,,0.23802846670150757,0.0035771667025983334,0.0012166178785264492,0.0035785615909844637,0.0012147895758971572
language_table_sim,/Users/avalok/work/Q-TAIL-MVP/data/openx_demo/language_table_sim/0.0.1/language_table_sim-train.tfrecord-00035,519393077,20.068171530188447,35.0,36.0,15.0,6.666666507720947,100.0,0.0,0.00824071653187275,0.009697393514215946,384.0,18.0,0.06666666666666667,1,1,,0.2373581826686859,0.0029117916710674763,0.00102379044983536,0.002911878749728203,0.001008985796943307
language_table_sim,/Users/avalok/work/Q-TAIL-MVP/data/openx_demo/language_table_sim/0.0.1/language_table_sim-train.tfrecord-00036,649357691,20.29149426614206,36.0,37.0,30.0,3.3333332538604736,100.0,0.0,0.0055181910283863544,0.008057980798184872,328.0,16.0,0.03333333333333333,1,1,,0.23692476749420166,0.0036403918638825417,0.0012201715726405382,0.0036422130651772022,0.0012133197160437703
language_table_sim,/Users/avalok/work/Q-TAIL-MVP/data/openx_demo/language_table_sim/0.0.1/language_table_sim-train.tfrecord-00038,639021625,20.275448855274607,38.0,39.0,18.0,5.55555534362793,100.0,0.0,0.011070868000388145,0.013321928679943085,296.0,15.0,0.05555555555555555,1,1,,0.22631536424160004,0.0035824463702738285,0.0010635025100782514,0.003585302969440818,0.001083028269931674
language_table_sim,/Users/avalok/work/Q-TAIL-MVP/data/openx_demo/language_table_sim/0.0.1/language_table_sim-train.tfrecord-00039,520633178,20.070556280725967,39.0,40.0,23.0,4.34782600402832,100.0,0.0,0.0055328537710011005,0.006702807731926441,512.0,19.0,0.043478260869565216,1,1,,0.2501370906829834,0.002918743761256337,0.0011625827755779028,0.0029160375706851482,0.001161182182841003
language_table_sim,/Users/avalok/work/Q-TAIL-MVP/data/openx_demo/language_table_sim/0.0.1/language_table_sim-train.tfrecord-00040,641745020,20.279701619212503,40.0,41.0,38.0,2.6315789222717285,100.0,0.0,0.01266196183860302,0.015069721266627312,320.0,19.0,0.02631578947368421,1,1,,0.24278630316257477,0.003597714239731431,0.0012710298178717494,0.0035962662659585476,0.0012599538313224912
language_table_sim,/Users/avalok/work/Q-TAIL-MVP/data/openx_demo/language_table_sim/0.0.1/language_table_sim-train.tfrecord-00041,529279836,20.08702784239396,41.0,42.0,11.0,9.090909004211426,100.0,0.0,0.013603401370346546,0.011688507162034512,304.0,17.0,0.09090909090909091,1,1,,0.2276437133550644,0.002967218169942498,0.0009097811416722834,0.0029652423691004515,0.000927759159822017
language_table_sim,/Users/avalok/work/Q-TAIL-MVP/data/openx_demo/language_table_sim/0.0.1/language_table_sim-train.tfrecord-00044,618422181,20.242681924581237,44.0,45.0,18.0,5.55555534362793,100.0,0.0,0.005197525955736637,0.004753704182803631,248.0,15.0,0.05555555555555555,1,1,,0.22599615156650543,0.00346696306951344,0.0010255961678922176,0.0034666568972170353,0.0010492813307791948
language_table_sim,/Users/avalok/work/Q-TAIL-MVP/data/openx_demo/language_table_sim/0.0.1/language_table_sim-train.tfrecord-00045,519773595,20.068903882421303,45.0,46.0,33.0,3.0303030014038086,100.0,0.0,0.009080913849174976,0.012451773509383202,512.0,20.0,0.030303030303030304,1,1,,0.25822004675865173,0.002913924865424633,0.0012450123904272914,0.0029123162385076284,0.0012410162016749382
language_table_sim,/Users/avalok/work/Q-TAIL-MVP/data/openx_demo/language_table_sim/0.0.1/language_table_sim-train.tfrecord-00046,642231277,20.280459042887106,46.0,47.0,12.0,8.333333015441895,100.0,0.0,0.014293740503489971,0.01503063552081585,304.0,17.0,0.08333333333333333,1,1,,0.219123974442482,0.0036004402209073305,0.0010480706114321947,0.0035951861646026373,0.00102038134355098
language_table_sim,/Users/avalok/work/Q-TAIL-MVP/data/openx_demo/language_table_sim/0.0.1/language_table_sim-train.tfrecord-00047,504981421,20.040032198444123,47.0,48.0,35.0,2.857142925262451,100.0,0.0,0.007605338003486395,0.010639072395861149,408.0,19.0,0.02857142857142857,1,1,,0.25794124603271484,0.002830997807905078,0.001206427114084363,0.0028327060863375664,0.0012115668505430222
language_table_sim,/Users/avalok/work/Q-TAIL-MVP/data/openx_demo/language_table_sim/0.0.1/language_table_sim-train.tfrecord-00049,527157570,20.08301005802011,49.0,50.0,18.0,5.55555534362793,100.0,0.0,0.007051928900182247,0.009164993651211262,304.0,17.0,0.05555555555555555,1,1,,0.23802129924297333,0.0029553205240517855,0.0010406442452222109,0.0029537498485296965,0.001024337369017303
language_table_sim,/Users/avalok/work/Q-TAIL-MVP/data/openx_demo/language_table_sim/0.0.1/language_table_sim-train.tfrecord-00050,649823321,20.292211071598604,50.0,51.0,18.0,5.55555534362793,100.0,0.0,0.004326453432440758,0.005639271344989538,296.0,16.0,0.05555555555555555,1,1,,0.22609396278858185,0.003643002361059189,0.0010761087760329247,0.0036468009930104017,0.0010991928866133094
language_table_sim,/Users/avalok/work/Q-TAIL-MVP/data/openx_demo/language_table_sim/0.0.1/language_table_sim-train.tfrecord-00051,515908844,20.06144065086341,51.0,52.0,33.0,3.0303030014038086,100.0,0.0,0.006815023720264435,0.009556989185512066,312.0,17.0,0.030303030303030304,1,1,,0.2520078420639038,0.0028922585770487785,0.0011762032518163323,0.0028932520654052496,0.0011632745154201984
language_table_sim,/Users/avalok/work/Q-TAIL-MVP/data/openx_demo/language_table_sim/0.0.1/language_table_sim-train.tfrecord-00052,633184587,20.266272545813887,52.0,53.0,20.0,5.0,100.0,0.0,0.004991679452359676,0.008435850031673908,472.0,20.0,0.05,1,1,,0.23633365333080292,0.0035497231874614954,0.0011838078498840332,0.0035518475342541933,0.0011854227632284164
language_table_sim,/Users/avalok/work/Q-TAIL-MVP/data/openx_demo/language_table_sim/0.0.1/language_table_sim-train.tfrecord-00053,502617147,20.03533930107511,53.0,54.0,47.0,2.127659559249878,100.0,0.0,0.0068770404905080795,0.010310573503375053,368.0,18.0,0.02127659574468085,1,1,,0.26315852999687195,0.002817743457853794,0.0012530378298833966,0.002825130708515644,0.0012561841867864132
language_table_sim,/Users/avalok/work/Q-TAIL-MVP/data/openx_demo/language_table_sim/0.0.1/language_table_sim-train.tfrecord-00054,634441276,20.268255290796297,54.0,55.0,15.0,6.666666507720947,100.0,0.0,0.007466080132871866,0.010431712493300438,472.0,22.0,0.06666666666666667,1,1,,0.2306726574897766,0.003556768409907818,0.0011114232474938035,0.003560572164133191,0.0011266666697338223
language_table_sim,/Users/avalok/work/Q-TAIL-MVP/data/openx_demo/language_table_sim/0.0.1/language_table_sim-train.tfrecord-00055,515026481,20.0597288786652,55.0,56.0,17.0,5.882352828979492,100.0,0.0,0.006346019916236401,0.009626069106161594,400.0,18.0,0.058823529411764705,1,1,,0.24224284291267395,0.0028873118571937084,0.0010567620629444718,0.0028863870538771152,0.0010544805554673076
language_table_sim,/Users/avalok/work/Q-TAIL-MVP/data/openx_demo/language_table_sim/0.0.1/language_table_sim-train.tfrecord-00056,639386689,20.276019977982987,56.0,57.0,21.0,4.761904716491699,100.0,0.0,0.0033917624969035387,0.0036174829583615065,504.0,21.0,0.047619047619047616,1,1,,0.2378174215555191,0.003584492951631546,0.0012158076278865337,0.003586188657209277,0.001214269665069878
language_table_sim,/Users/avalok/work/Q-TAIL-MVP/data/openx_demo/language_table_sim/0.0.1/language_table_sim-train.tfrecord-00057,508072999,20.04613569600619,57.0,58.0,33.0,3.0303030014038086,100.0,0.0,0.012832977809011936,0.015648819506168365,608.0,22.0,0.030303030303030304,1,1,,0.2626227140426636,0.002848329721018672,0.0012607796816155314,0.0028467520605772734,0.0012720065424218774
language_table_sim,/Users/avalok/work/Q-TAIL-MVP/data/openx_demo/language_table_sim/0.0.1/language_table_sim-train.tfrecord-00058,640609172,20.277930114424883,58.0,59.0,36.0,2.777777671813965,100.0,0.0,0.008802111260592937,0.012464969418942928,392.0,17.0,0.027777777777777776,1,1,,0.24542027711868286,0.0035913463216274977,0.001303143915720284,0.0035895949695259333,0.0012903372989967465
language_table_sim,/Users/avalok/work/Q-TAIL-MVP/data/openx_demo/language_table_sim/0.0.1/language_table_sim-train.tfrecord-00059,521251398,20.071743015006536,59.0,60.0,18.0,5.55555534362793,100.0,0.0,0.006257220637053251,0.00827019289135933,376.0,17.0,0.05555555555555555,1,1,,0.24199075996875763,0.0029222096782177687,0.0010592626640573144,0.0029208343476057053,0.0010610983008518815
language_table_sim,/Users/avalok/work/Q-TAIL-MVP/data/openx_demo/language_table_sim/0.0.1/language_table_sim-train.tfrecord-00060,630397715,20.261861473404934,60.0,61.0,25.0,4.0,100.0,0.0,0.011546513065695763,0.015298510901629925,272.0,17.0,0.04,1,1,,0.2339860051870346,0.00353409955278039,0.0011415820335969329,0.003535532858222723,0.0011482869740575552
language_table_sim,/Users/avalok/work/Q-TAIL-MVP/data/openx_demo/language_table_sim/0.0.1/language_table_sim-train.tfrecord-00061,515825938,20.061279939018732,61.0,62.0,15.0,6.666666507720947,100.0,0.0,0.008058038540184498,0.008005787618458271,352.0,17.0,0.06666666666666667,1,1,,0.238112211227417,0.0028917938470840454,0.0010267123579978943,0.002890808740630746,0.001006735721603036
language_table_sim,/Users/avalok/work/Q-TAIL-MVP/data/openx_demo/language_table_sim/0.0.1/language_table_sim-train.tfrecord-00062,622020782,20.248484063328526,62.0,63.0,14.0,7.142857074737549,100.0,0.0,0.014275148510932922,0.016659749671816826,304.0,16.0,0.07142857142857142,1,1,,0.22464725375175476,0.003487137146294117,0.0010271248174831271,0.003484864719212055,0.0010354591067880392
language_table_sim,/Users/avalok/work/Q-TAIL-MVP/data/openx_demo/language_table_sim/0.0.1/language_table_sim-train.tfrecord-00063,527476562,20.083614991995685,63.0,64.0,12.0,8.333333015441895,100.0,0.0,0.013403789140284061,0.015850761905312538,296.0,17.0,0.08333333333333333,1,1,,0.2303638756275177,0.002957108896225691,0.0009363929275423288,0.0029540229588747025,0.0009434522944502532
language_table_sim,/Users/avalok/work/Q-TAIL-MVP/data/openx_demo/language_table_sim/0.0.1/language_table_sim-train.tfrecord-00064,656355278,20.302212784146228,64.0,65.0,14.0,7.142857074737549,100.0,0.0,0.009016642346978188,0.012428374029695988,400.0,19.0,0.07142857142857142,1,1,,0.22551125288009644,0.0036796212662011385,0.0010840876493602991,0.0036832685582339764,0.0011034765047952533
language_table_sim,/Users/avalok/work/Q-TAIL-MVP/data/openx_demo/language_table_sim/0.0.1/language_table_sim-train.tfrecord-00065,533448735,20.094873534117262,65.0,66.0,31.0,3.225806474685669,100.0,0.0,0.005972643848508596,0.009171992540359497,336.0,18.0,0.03225806451612903,1,1,,0.25049257278442383,0.0029905897099524736,0.0011848616413772106,0.002989903325214982,0.0011772693833336234
language_table_sim,/Users/avalok/work/Q-TAIL-MVP/data/openx_demo/language_table_sim/0.0.1/language_table_sim-train.tfrecord-00066,633486535,20.266749304145232,66.0,67.0,47.0,2.127659559249878,100.0,0.0,0.005758610088378191,0.007422590162605047,376.0,19.0,0.02127659574468085,1,1,,0.2512288987636566,0.003551415866240859,0.001348188379779458,0.0035493301693350077,0.001342895207926631
language_table_sim,/Users/avalok/work/Q-TAIL-MVP/data/openx_demo/language_table_sim/0.0.1/language_table_sim-train.tfrecord-00067,518625508,20.066692618058134,67.0,68.0,13.0,7.692307472229004,100.0,0.0,0.01394970715045929,0.014821489341557026,368.0,18.0,0.07692307692307693,1,1,,0.23599760234355927,0.0029074884951114655,0.0010010810801759362,0.002907078480347991,0.0009871553629636765
language_table_sim,/Users/avalok/work/Q-TAIL-MVP/data/openx_demo/language_table_sim/0.0.1/language_table_sim-train.tfrecord-00068,630634643,20.262237241720328,68.0,69.0,21.0,4.761904716491699,100.0,0.0,0.014437534846365452,0.016900885850191116,456.0,19.0,0.047619047619047616,1,1,,0.2378852516412735,0.003535427851602435,0.0012022199807688594,0.0035362765192985535,0.0011927392333745956
language_table_sim,/Users/avalok/work/Q-TAIL-MVP/data/openx_demo/language_table_sim/0.0.1/language_table_sim-train.tfrecord-00069,521488273,20.072197347013283,69.0,70.0,20.0,5.0,100.0,0.0,0.013748347759246826,0.016670800745487213,376.0,19.0,0.05,1,1,,0.24470393359661102,0.0029235377442091703,0.0010958489729091525,0.0029215950053185225,0.001088667311705649
language_table_sim,/Users/avalok/work/Q-TAIL-MVP/data/openx_demo/language_table_sim/0.0.1/language_table_sim-train.tfrecord-00070,635034231,20.269189464065363,70.0,71.0,38.0,2.6315789222717285,100.0,0.0,0.014736004173755646,0.018551820889115334,312.0,17.0,0.02631578947368421,1,1,,0.24444931745529175,0.003560092533007264,0.0012691094307228923,0.0035584077704697847,0.0012679251376539469
language_table_sim,/Users/avalok/work/Q-TAIL-MVP/data/openx_demo/language_table_sim/0.0.1/language_table_sim-train.tfrecord-00071,523520098,20.076085981043107,71.0,72.0,14.0,7.142857074737549,100.0,0.0,0.011877579614520073,0.01011658925563097,368.0,17.0,0.07142857142857142,1,1,,0.2369324266910553,0.002934928284958005,0.001027376507408917,0.0029338859021663666,0.0010056657483801246
language_table_sim,/Users/avalok/work/Q-TAIL-MVP/data/openx_demo/language_table_sim/0.0.1/language_table_sim-train.tfrecord-00072,642354535,20.280650945987755,72.0,73.0,7.0,14.285714149475098,100.0,0.0,0.010237857699394226,0.012878197245299816,392.0,25.0,0.14285714285714285,1,1,,0.21355639398097992,0.003601131262257695,0.0010382119799032807,0.003608353901654482,0.0010339546715840697
language_table_sim,/Users/avalok/work/Q-TAIL-MVP/data/openx_demo/language_table_sim/0.0.1/language_table_sim-train.tfrecord-00073,514155259,20.05803584006463,73.0,74.0,34.0,2.941176414489746,100.0,0.0,0.010888137854635715,0.014040718786418438,408.0,18.0,0.029411764705882353,1,1,,0.2574344277381897,0.002882427768781781,0.001211644266732037,0.0028826624620705843,0.001222061924636364
language_table_sim,/Users/avalok/work/Q-TAIL-MVP/data/openx_demo/language_table_sim/0.0.1/language_table_sim-train.tfrecord-00074,642520498,20.28090927928306,74.0,75.0,21.0,4.761904716491699,100.0,0.0,0.0075241015292704105,0.009808140806853771,224.0,17.0,0.047619047619047616,1,1,,0.22709447145462036,0.003602061653509736,0.0010781828314065933,0.0036033194046467543,0.001096875173971057
language_table_sim,/Users/avalok/work/Q-TAIL-MVP/data/openx_demo/language_table_sim/0.0.1/language_table_sim-train.tfrecord-00075,523843584,20.076703695816356,75.0,76.0,9.0,11.11111068725586,100.0,0.0,0.006665423978120089,0.0075606671161949635,360.0,18.0,0.1111111111111111,1,1,,0.22803711891174316,0.002936741802841425,0.0009093001135624945,0.002942842897027731,0.000937442819122225
language_table_sim,/Users/avalok/work/Q-TAIL-MVP/data/openx_demo/language_table_sim/0.0.1/language_table_sim-train.tfrecord-00076,643946539,20.283126268200547,76.0,77.0,23.0,4.34782600402832,100.0,0.0,0.007562326267361641,0.00741699431091547,368.0,17.0,0.043478260869565216,1,1,,0.235559344291687,0.0036100561264902353,0.0011836899211630225,0.0036129835061728954,0.0011898416560143232
language_table_sim,/Users/avalok/work/Q-TAIL-MVP/data/openx_demo/language_table_sim/0.0.1/language_table_sim-train.tfrecord-00077,534606222,20.097041002080207,77.0,78.0,20.0,5.0,100.0,0.0,0.012776854448020458,0.016435211524367332,328.0,17.0,0.05,1,1,,0.24158470332622528,0.002997078699991107,0.0010786952916532755,0.0029951257165521383,0.001073224819265306
language_table_sim,/Users/avalok/work/Q-TAIL-MVP/data/openx_demo/language_table_sim/0.0.1/language_table_sim-train.tfrecord-00078,640758503,20.27816319506732,78.0,79.0,20.0,5.0,100.0,0.0,0.005236586090177298,0.004743136465549469,312.0,16.0,0.05,1,1,,0.23067882657051086,0.003592183580622077,0.0011256809812039137,0.0035955116618424654,0.0011314571602270007
language_table_sim,/Users/avalok/work/Q-TAIL-MVP/data/openx_demo/language_table_sim/0.0.1/language_table_sim-train.tfrecord-00079,506973353,20.043969003961312,79.0,80.0,40.0,2.5,100.0,0.0,0.009089297614991665,0.011013762094080448,336.0,16.0,0.025,1,1,,0.25889912247657776,0.002842164831236005,0.0012313412735238671,0.0028460626490414143,0.0012237876653671265
language_table_sim,/Users/avalok/work/Q-TAIL-MVP/data/openx_demo/language_table_sim/0.0.1/language_table_sim-train.tfrecord-00080,620978332,20.24680674878987,80.0,81.0,41.0,2.4390244483947754,100.0,0.0,0.013055684976279736,0.01620745286345482,320.0,18.0,0.024390243902439025,1,1,,0.24782833456993103,0.003481293097138405,0.0012960592284798622,0.0034791913349181414,0.0012836229288950562
language_table_sim,/Users/avalok/work/Q-TAIL-MVP/data/openx_demo/language_table_sim/0.0.1/language_table_sim-train.tfrecord-00081,525147791,20.079190289511224,81.0,82.0,39.0,2.5641026496887207,100.0,0.0,0.009819990955293179,0.01281006634235382,312.0,15.0,0.02564102564102564,1,1,,0.25545912981033325,0.0029440533835440874,0.0012155433651059866,0.002945867134258151,0.0012150665279477835
language_table_sim,/Users/avalok/work/Q-TAIL-MVP/data/openx_demo/language_table_sim/0.0.1/language_table_sim-train.tfrecord-00082,644527192,20.28402757185065,82.0,83.0,18.0,5.55555534362793,100.0,0.0,0.0028013649862259626,0.004317158367484808,336.0,18.0,0.05555555555555555,1,1,,0.22937718033790588,0.00361331133171916,0.0011159382993355393,0.0036169879604130983,0.0011239855084568262
language_table_sim,/Users/avalok/work/Q-TAIL-MVP/data/openx_demo/language_table_sim/0.0.1/language_table_sim-train.tfrecord-00083,525238632,20.079363256331938,83.0,84.0,28.0,3.5714285373687744,100.0,0.0,0.0077916099689900875,0.009590803645551205,432.0,18.0,0.03571428571428571,1,1,,0.25318872928619385,0.002944562816992402,0.0012012834195047617,0.0029422396328300238,0.0011983539443463087
language_table_sim,/Users/avalok/work/Q-TAIL-MVP/data/openx_demo/language_table_sim/0.0.1/language_table_sim-train.tfrecord-00084,663844260,20.313558133243586,84.0,85.0,56.0,1.7857142686843872,100.0,0.0,0.0051153493113815784,0.005914820358157158,320.0,16.0,0.017857142857142856,1,1,,0.2503918707370758,0.003721605520695448,0.0013890350237488747,0.0037187347188591957,0.0013831997057422996
language_table_sim,/Users/avalok/work/Q-TAIL-MVP/data/openx_demo/language_table_sim/0.0.1/language_table_sim-train.tfrecord-00085,524291062,20.077557551812895,85.0,86.0,22.0,4.545454502105713,100.0,0.0,0.011187355034053326,0.014158678241074085,336.0,20.0,0.045454545454545456,1,1,,0.24515067040920258,0.0029392505530267954,0.0011041510151699185,0.0029374861624091864,0.001098494976758957
language_table_sim,/Users/avalok/work/Q-TAIL-MVP/data/openx_demo/language_table_sim/0.0.1/language_table_sim-train.tfrecord-00086,652834483,20.296834184973896,86.0,87.0,22.0,4.545454502105713,100.0,0.0,0.00737615255638957,0.008823014795780182,472.0,17.0,0.045454545454545456,1,1,,0.23756517469882965,0.0036598832812160254,0.0012360907858237624,0.0036623626947402954,0.00122840516269207
language_table_sim,/Users/avalok/work/Q-TAIL-MVP/data/openx_demo/language_table_sim/0.0.1/language_table_sim-train.tfrecord-00087,529239416,20.086951471558255,87.0,88.0,54.0,1.8518518209457397,100.0,0.0,0.008521037176251411,0.011648083105683327,448.0,20.0,0.018518518518518517,1,1,,0.267019122838974,0.002966991625726223,0.001315710716880858,0.0029742245096713305,0.0013357909629121423
language_table_sim,/Users/avalok/work/Q-TAIL-MVP/data/openx_demo/language_table_sim/0.0.1/language_table_sim-train.tfrecord-00089,526121275,20.081042306864124,89.0,90.0,34.0,2.941176414489746,100.0,0.0,0.00481378985568881,0.00754178874194622,336.0,18.0,0.029411764705882353,1,1,,0.25368088483810425,0.002949510933831334,0.0012061098823323846,0.002949954941868782,0.001202218933030963
language_table_sim,/Users/avalok/work/Q-TAIL-MVP/data/openx_demo/language_table_sim/0.0.1/language_table_sim-train.tfrecord-00090,638994725,20.275406758786623,90.0,91.0,21.0,4.761904716491699,100.0,0.0,0.0031809366773813963,0.004334089811891317,432.0,18.0,0.047619047619047616,1,1,,0.23655997216701508,0.003582295496016741,0.0012029021745547652,0.003584610763937235,0.001196482335217297
language_table_sim,/Users/avalok/work/Q-TAIL-MVP/data/openx_demo/language_table_sim/0.0.1/language_table_sim-train.tfrecord-00091,507427188,20.04486378863668,91.0,92.0,18.0,5.55555534362793,100.0,0.0,0.01398029550909996,0.01607408933341503,360.0,16.0,0.05555555555555555,1,1,,0.243848517537117,0.0028447092045098543,0.001068586832843721,0.00284330896101892,0.001053291605785489
language_table_sim,/Users/avalok/work/Q-TAIL-MVP/data/openx_demo/language_table_sim/0.0.1/language_table_sim-train.tfrecord-00092,636740362,20.271872537041073,92.0,93.0,17.0,5.882352828979492,100.0,0.0,0.005877199582755566,0.006472952663898468,376.0,19.0,0.058823529411764705,1,1,,0.23072385787963867,0.003569657215848565,0.001120018889196217,0.0035725259222090244,0.0011253125267103314
language_table_sim,/Users/avalok/work/Q-TAIL-MVP/data/openx_demo/language_table_sim/0.0.1/language_table_sim-train.tfrecord-00093,533819906,20.095569087232963,93.0,94.0,31.0,3.225806474685669,100.0,0.0,0.010142307728528976,0.013246318325400352,520.0,20.0,0.03225806451612903,1,1,,0.2572631537914276,0.0029926705174148083,0.001239599077962339,0.002988852560520172,0.0012581017799675465
language_table_sim,/Users/avalok/work/Q-TAIL-MVP/data/openx_demo/language_table_sim/0.0.1/language_table_sim-train.tfrecord-00095,523254812,20.07557911752806,95.0,96.0,33.0,3.0303030014038086,100.0,0.0,0.0064604454673826694,0.007709462195634842,456.0,20.0,0.030303030303030304,1,1,,0.25774216651916504,0.0029334411956369877,0.0012308277655392885,0.002932183677330613,0.0012461988953873515
language_table_sim,/Users/avalok/work/Q-TAIL-MVP/data/openx_demo/language_table_sim/0.0.1/language_table_sim-train.tfrecord-00096,660020071,20.307780804643517,96.0,97.0,11.0,9.090909004211426,100.0,0.0,0.005004722159355879,0.0065310182981193066,424.0,18.0,0.09090909090909091,1,1,,0.2218209058046341,0.0037001667078584433,0.0010794645640999079,0.0036982803139835596,0.0010807402431964874
language_table_sim,/Users/avalok/work/Q-TAIL-MVP/data/openx_demo/language_table_sim/0.0.1/language_table_sim-train.tfrecord-00097,512824438,20.05544412039145,97.0,98.0,34.0,2.941176414489746,100.0,0.0,0.004335284698754549,0.005803520791232586,552.0,20.0,0.029411764705882353,1,1,,0.26207971572875977,0.0028749669436365366,0.0012666608672589064,0.002874125260859728,0.0012797866947948933
language_table_sim,/Users/avalok/work/Q-TAIL-MVP/data/openx_demo/language_table_sim/0.0.1/language_table_sim-train.tfrecord-00099,543576932,20.11368180556609,99.0,100.0,15.0,6.666666507720947,100.0,0.0,0.008124995976686478,0.009903485886752605,320.0,16.0,0.06666666666666667,1,1,,0.23477262258529663,0.003047369886189699,0.0010181717807427049,0.0030446865130215883,0.0010130672017112374
language_table_sim,/Users/avalok/work/Q-TAIL-MVP/data/openx_demo/language_table_sim/0.0.1/language_table_sim-train.tfrecord-00101,509359757,20.048665118566916,101.0,102.0,12.0,8.333333015441895,100.0,0.0,0.013592441566288471,0.014544249512255192,304.0,18.0,0.08333333333333333,1,1,,0.23349083960056305,0.002855543512851,0.000943604507483542,0.0028540249913930893,0.0009435117244720459
language_table_sim,/Users/avalok/work/Q-TAIL-MVP/data/openx_demo/language_table_sim/0.0.1/language_table_sim-train.tfrecord-00103,524835222,20.07859491033886,103.0,104.0,37.0,2.702702760696411,100.0,0.0,0.010788348503410816,0.01380822155624628,432.0,18.0,0.02702702702702703,1,1,,0.2593778371810913,0.0029423011001199484,0.0012697918573394418,0.0029423392843455076,0.0012609240366145968
language_table_sim,/Users/avalok/work/Q-TAIL-MVP/data/openx_demo/language_table_sim/0.0.1/language_table_sim-train.tfrecord-00104,663031030,20.312332350976437,104.0,105.0,14.0,7.142857074737549,100.0,0.0,0.006753826048225164,0.009367849677801132,464.0,20.0,0.07142857142857142,1,1,,0.22777783870697021,0.0037170464638620615,0.0011216829298064113,0.003722013207152486,0.001139759668149054
language_table_sim,/Users/avalok/work/Q-TAIL-MVP/data/openx_demo/language_table_sim/0.0.1/language_table_sim-train.tfrecord-00105,520332790,20.069979147530464,105.0,106.0,38.0,2.6315789222717285,100.0,0.0,0.0038632068317383528,0.004733717069029808,328.0,18.0,0.02631578947368421,1,1,,0.25643932819366455,0.0029170599300414324,0.00121322984341532,0.002919301390647888,0.0012237386545166373
language_table_sim,/Users/avalok/work/Q-TAIL-MVP/data/openx_demo/language_table_sim/0.0.1/language_table_sim-train.tfrecord-00106,625101182,20.253424087397452,106.0,107.0,48.0,2.0833332538604736,100.0,0.0,0.009688515216112137,0.01309217419475317,528.0,19.0,0.020833333333333332,1,1,,0.2579852044582367,0.003504406427964568,0.001399898319505155,0.0035002930089831352,0.0013993990141898394
language_table_sim,/Users/avalok/work/Q-TAIL-MVP/data/openx_demo/language_table_sim/0.0.1/language_table_sim-train.tfrecord-00108,644020916,20.283241763354834,108.0,109.0,23.0,4.34782600402832,100.0,0.0,0.0019152506720274687,0.003106050193309784,264.0,14.0,0.043478260869565216,1,1,,0.23127830028533936,0.0036104731261730194,0.0011332255089655519,0.003613448701798916,0.0011449090670794249
language_table_sim,/Users/avalok/work/Q-TAIL-MVP/data/openx_demo/language_table_sim/0.0.1/language_table_sim-train.tfrecord-00109,528867439,20.08624837240931,109.0,110.0,15.0,6.666666507720947,100.0,0.0,0.01502748392522335,0.016825923696160316,280.0,16.0,0.06666666666666667,1,1,,0.23476901650428772,0.002964906394481659,0.0009946757927536964,0.0029615529347211123,0.0009845888707786798
language_table_sim,/Users/avalok/work/Q-TAIL-MVP/data/openx_demo/language_table_sim/0.0.1/language_table_sim-train.tfrecord-00110,632493321,20.265180220407444,110.0,111.0,15.0,6.666666507720947,100.0,0.0,0.011838349513709545,0.014764249324798584,328.0,16.0,0.06666666666666667,1,1,,0.22704119980335236,0.0035458477213978767,0.0010576534550637007,0.003545857034623623,0.0010746015468612313
language_table_sim,/Users/avalok/work/Q-TAIL-MVP/data/openx_demo/language_table_sim/0.0.1/language_table_sim-train.tfrecord-00111,521132821,20.07151550388708,111.0,112.0,15.0,6.666666507720947,100.0,0.0,0.008602487854659557,0.010415137745440006,288.0,15.0,0.06666666666666667,1,1,,0.23576752841472626,0.002921544946730137,0.0010048948461189866,0.0029187556356191635,0.0009852027287706733
language_table_sim,/Users/avalok/work/Q-TAIL-MVP/data/openx_demo/language_table_sim/0.0.1/language_table_sim-train.tfrecord-00113,529311982,20.08708857590692,113.0,114.0,10.0,10.0,100.0,0.0,0.009132984094321728,0.01146061159670353,296.0,20.0,0.1,1,1,,0.22761332988739014,0.0029673983808606863,0.0009066458442248404,0.002965412102639675,0.0009276504861190915
language_table_sim,/Users/avalok/work/Q-TAIL-MVP/data/openx_demo/language_table_sim/0.0.1/language_table_sim-train.tfrecord-00114,632428391,20.265077557927487,114.0,115.0,29.0,3.4482758045196533,100.0,0.0,0.010278943926095963,0.01367173157632351,344.0,19.0,0.034482758620689655,1,1,,0.2411564439535141,0.0035454838071018457,0.001223370316438377,0.003545505227521062,0.001231416710652411
language_table_sim,/Users/avalok/work/Q-TAIL-MVP/data/openx_demo/language_table_sim/0.0.1/language_table_sim-train.tfrecord-00115,527757026,20.08414655962064,115.0,116.0,26.0,3.846153736114502,100.0,0.0,0.012513021938502789,0.016089502722024918,368.0,21.0,0.038461538461538464,1,1,,0.24992568790912628,0.0029586812015622854,0.0011691380059346557,0.002956558018922806,0.0011603613384068012
language_table_sim,/Users/avalok/work/Q-TAIL-MVP/data/openx_demo/language_table_sim/0.0.1/language_table_sim-train.tfrecord-00116,641445664,20.279235038510667,116.0,117.0,32.0,3.125,100.0,0.0,0.009494263678789139,0.013469469733536243,352.0,17.0,0.03125,1,1,,0.24264296889305115,0.003596035996451974,0.0012597136665135622,0.003595751943066716,0.0012625654926523566
language_table_sim,/Users/avalok/work/Q-TAIL-MVP/data/openx_demo/language_table_sim/0.0.1/language_table_sim-train.tfrecord-00117,509261833,20.048472850896427,117.0,118.0,18.0,5.55555534362793,100.0,0.0,0.007301291450858116,0.01146631594747305,496.0,18.0,0.05555555555555555,1,1,,0.248329296708107,0.002854994498193264,0.0011246964568272233,0.002853135112673044,0.0011194233084097505
language_table_sim,/Users/avalok/work/Q-TAIL-MVP/data/openx_demo/language_table_sim/0.0.1/language_table_sim-train.tfrecord-00118,623745119,20.251252381352103,118.0,119.0,35.0,2.857142925262451,100.0,0.0,0.006558043882250786,0.008682490326464176,336.0,19.0,0.02857142857142857,1,1,,0.24538716673851013,0.003496804041787982,0.0012670197756960988,0.003495669225230813,0.0012669330462813377
language_table_sim,/Users/avalok/work/Q-TAIL-MVP/data/openx_demo/language_table_sim/0.0.1/language_table_sim-train.tfrecord-00119,506502048,20.043038927054504,119.0,120.0,29.0,3.4482758045196533,100.0,0.0,0.012671826407313347,0.016246290877461433,320.0,17.0,0.034482758620689655,1,1,,0.2524009346961975,0.0028395226690918207,0.001165321678854525,0.002839792752638459,0.00115177221596241
language_table_sim,/Users/avalok/work/Q-TAIL-MVP/data/openx_demo/language_table_sim/0.0.1/language_table_sim-train.tfrecord-00120,639753315,20.276593216265457,120.0,121.0,11.0,9.090909004211426,100.0,0.0,0.012920276261866093,0.014786383137106895,368.0,19.0,0.09090909090909091,1,1,,0.22212500870227814,0.0035865483805537224,0.0010492391884326935,0.0035814004950225353,0.0010448412504047155
language_table_sim,/Users/avalok/work/Q-TAIL-MVP/data/openx_demo/language_table_sim/0.0.1/language_table_sim-train.tfrecord-00121,520785004,20.070847856201425,121.0,122.0,33.0,3.0303030014038086,100.0,0.0,0.013260693289339542,0.015829307958483696,376.0,19.0,0.030303030303030304,1,1,,0.2558296322822571,0.0029195949900895357,0.0012132516130805016,0.0029191954527050257,0.0012151127448305488
language_table_sim,/Users/avalok/work/Q-TAIL-MVP/data/openx_demo/language_table_sim/0.0.1/language_table_sim-train.tfrecord-00122,641071558,20.278651645159513,122.0,123.0,35.0,2.857142925262451,100.0,0.0,0.006583847105503082,0.008213474415242672,688.0,20.0,0.02857142857142857,1,1,,0.2538367807865143,0.00359393865801394,0.001392371952533722,0.003584809135645628,0.0013895721640437841
language_table_sim,/Users/avalok/work/Q-TAIL-MVP/data/openx_demo/language_table_sim/0.0.1/language_table_sim-train.tfrecord-00123,526321748,20.08142327380991,123.0,124.0,16.0,6.25,100.0,0.0,0.009119763970375061,0.013294823467731476,376.0,19.0,0.0625,1,1,,0.24048246443271637,0.0029506348073482513,0.0010467685060575604,0.002948820125311613,0.001048273523338139
language_table_sim,/Users/avalok/work/Q-TAIL-MVP/data/openx_demo/language_table_sim/0.0.1/language_table_sim-train.tfrecord-00124,637088913,20.2724197862133,124.0,125.0,45.0,2.222222328186035,100.0,0.0,0.005002024117857218,0.007955844514071941,344.0,18.0,0.022222222222222223,1,1,,0.24972844123840332,0.003571611363440752,0.001334831933490932,0.0035698406863957644,0.0013353744288906455
language_table_sim,/Users/avalok/work/Q-TAIL-MVP/data/openx_demo/language_table_sim/0.0.1/language_table_sim-train.tfrecord-00125,508904165,20.047770277809697,125.0,126.0,15.0,6.666666507720947,100.0,0.0,0.0046148477122187614,0.006265164352953434,384.0,18.0,0.06666666666666667,1,1,,0.24116262793540955,0.002852989360690117,0.001032583531923592,0.002852202160283923,0.0010296604596078396
language_table_sim,/Users/avalok/work/Q-TAIL-MVP/data/openx_demo/language_table_sim/0.0.1/language_table_sim-train.tfrecord-00126,647830286,20.28913931723625,126.0,127.0,72.0,1.3888888359069824,100.0,0.0,0.010590611025691032,0.013624746352434158,424.0,19.0,0.013888888888888888,1,1,,0.26166990399360657,0.0036318290513008833,0.0014709817478433251,0.0036321193911135197,0.0014715276192873716
language_table_sim,/Users/avalok/work/Q-TAIL-MVP/data/openx_demo/language_table_sim/0.0.1/language_table_sim-train.tfrecord-00127,512285835,20.054393300664643,127.0,128.0,9.0,11.11111068725586,100.0,0.0,0.01279570534825325,0.013130995444953442,368.0,20.0,0.1111111111111111,1,1,,0.23054079711437225,0.0028719473630189896,0.0009173885337077081,0.0028800545260310173,0.0009387814207002521
language_table_sim,/Users/avalok/work/Q-TAIL-MVP/data/openx_demo/language_table_sim/0.0.1/language_table_sim-train.tfrecord-00129,522391445,20.073927761366704,129.0,130.0,13.0,7.692307472229004,100.0,0.0,0.01679915376007557,0.01980360969901085,440.0,19.0,0.07692307692307693,1,1,,0.23917321860790253,0.0029286008793860674,0.0010383700719103217,0.0029288146179169416,0.0010277584660798311
language_table_sim,/Users/avalok/work/Q-TAIL-MVP/data/openx_demo/language_table_sim/0.0.1/language_table_sim-train.tfrecord-00130,650168975,20.292742850146336,130.0,131.0,27.0,3.7037036418914795,100.0,0.0,0.011128626763820648,0.01394447311758995,256.0,14.0,0.037037037037037035,1,1,,0.2340882569551468,0.0036449399776756763,0.0011761850910261273,0.003647055011242628,0.0011816162150353193
language_table_sim,/Users/avalok/work/Q-TAIL-MVP/data/openx_demo/language_table_sim/0.0.1/language_table_sim-train.tfrecord-00131,521195622,20.071636005251843,131.0,132.0,19.0,5.263157844543457,100.0,0.0,0.010804333724081516,0.012825612910091877,400.0,20.0,0.05263157894736842,1,1,,0.24543213844299316,0.0029218969866633415,0.0011182707967236638,0.0029196632094681263,0.0010985985863953829
language_table_sim,/Users/avalok/work/Q-TAIL-MVP/data/openx_demo/language_table_sim/0.0.1/language_table_sim-train.tfrecord-00132,621189108,20.247146116889365,132.0,133.0,9.0,11.11111068725586,100.0,0.0,0.0053958469070494175,0.006632925942540169,280.0,19.0,0.1111111111111111,1,1,,0.21606889367103577,0.0034824747126549482,0.0010060938075184822,0.00346879824064672,0.0009752290789037943
language_table_sim,/Users/avalok/work/Q-TAIL-MVP/data/openx_demo/language_table_sim/0.0.1/language_table_sim-train.tfrecord-00133,512523587,20.054857293283558,133.0,134.0,20.0,5.0,100.0,0.0,0.00895693339407444,0.012770185247063637,432.0,19.0,0.05,1,1,,0.24840223789215088,0.002873280318453908,0.0011318413307890296,0.0028709995094686747,0.0011213950347155333
language_table_sim,/Users/avalok/work/Q-TAIL-MVP/data/openx_demo/language_table_sim/0.0.1/language_table_sim-train.tfrecord-00134,645002108,20.284764144522143,134.0,135.0,11.0,9.090909004211426,100.0,0.0,0.013548777438700199,0.014962960034608841,344.0,19.0,0.09090909090909091,1,1,,0.22088715434074402,0.003615973750129342,0.0010541812516748905,0.0036093140952289104,0.0010397107107564807
language_table_sim,/Users/avalok/work/Q-TAIL-MVP/data/openx_demo/language_table_sim/0.0.1/language_table_sim-train.tfrecord-00135,524573293,20.07809571674324,135.0,136.0,12.0,8.333333015441895,100.0,0.0,0.004908860195428133,0.00689108157530427,344.0,17.0,0.08333333333333333,1,1,,0.233643040060997,0.0029408326372504234,0.0009704334661364555,0.0029392456635832787,0.0009737115469761193
language_table_sim,/Users/avalok/work/Q-TAIL-MVP/data/openx_demo/language_table_sim/0.0.1/language_table_sim-train.tfrecord-00136,642971569,20.281611066605425,136.0,137.0,24.0,4.166666507720947,100.0,0.0,0.00804945733398199,0.009031801484525204,568.0,21.0,0.041666666666666664,1,1,,0.2434430718421936,0.0036045904271304607,0.0012742159888148308,0.003602135693654418,0.0012818843824788928
language_table_sim,/Users/avalok/work/Q-TAIL-MVP/data/openx_demo/language_table_sim/0.0.1/language_table_sim-train.tfrecord-00138,657343953,20.30371796152903,138.0,139.0,21.0,4.761904716491699,100.0,0.0,0.007992957718670368,0.011023961938917637,352.0,17.0,0.047619047619047616,1,1,,0.2328382432460785,0.0036851640325039625,0.0011676035355776548,0.0036897389218211174,0.0011790568241849542
language_table_sim,/Users/avalok/work/Q-TAIL-MVP/data/openx_demo/language_table_sim/0.0.1/language_table_sim-train.tfrecord-00140,646573885,20.28719803580225,140.0,141.0,41.0,2.4390244483947754,100.0,0.0,0.012500301003456116,0.01510769221931696,448.0,17.0,0.024390243902439025,1,1,,0.25090619921684265,0.0036247854586690664,0.001362845185212791,0.003621124429628253,0.0013596711214631796
language_table_sim,/Users/avalok/work/Q-TAIL-MVP/data/openx_demo/language_table_sim/0.0.1/language_table_sim-train.tfrecord-00141,525070233,20.0790425906559,141.0,142.0,32.0,3.125,100.0,0.0,0.008751546032726765,0.011318097822368145,336.0,19.0,0.03125,1,1,,0.2532557249069214,0.0029436186887323856,0.0012043240712955594,0.002943404484540224,0.001195087912492454
language_table_sim,/Users/avalok/work/Q-TAIL-MVP/data/openx_demo/language_table_sim/0.0.1/language_table_sim-train.tfrecord-00143,517222461,20.063983633926654,143.0,144.0,33.0,3.0303030014038086,100.0,0.0,0.009734692052006721,0.012939243577420712,488.0,21.0,0.030303030303030304,1,1,,0.25994130969047546,0.0028996230103075504,0.0012582927010953426,0.002898162230849266,0.001260607037693262
language_table_sim,/Users/avalok/work/Q-TAIL-MVP/data/openx_demo/language_table_sim/0.0.1/language_table_sim-train.tfrecord-00144,639385439,20.276018022982605,144.0,145.0,46.0,2.17391300201416,100.0,0.0,0.011358211748301983,0.01506564486771822,400.0,18.0,0.021739130434782608,1,1,,0.25238582491874695,0.0035844859667122364,0.0013718385016545653,0.003581603756174445,0.0013639309909194708
language_table_sim,/Users/avalok/work/Q-TAIL-MVP/data/openx_demo/language_table_sim/0.0.1/language_table_sim-train.tfrecord-00145,514682811,20.059061369855165,145.0,146.0,10.0,10.0,100.0,0.0,0.014900212176144123,0.01862645335495472,360.0,16.0,0.1,1,1,,0.23208846151828766,0.0028853851836174726,0.0009343330166302621,0.0028880913741886616,0.0009461232111789286
language_table_sim,/Users/avalok/work/Q-TAIL-MVP/data/openx_demo/language_table_sim/0.0.1/language_table_sim-train.tfrecord-00146,648031717,20.289450200649522,146.0,147.0,22.0,4.545454502105713,100.0,0.0,0.008901617489755154,0.011841773055493832,336.0,16.0,0.045454545454545456,1,1,,0.2339646965265274,0.0036329582799226046,0.0011648094514384866,0.003636344103142619,0.0011760880006477237
language_table_sim,/Users/avalok/work/Q-TAIL-MVP/data/openx_demo/language_table_sim/0.0.1/language_table_sim-train.tfrecord-00147,519889189,20.06912625067769,147.0,148.0,40.0,2.5,100.0,0.0,0.013064885511994362,0.015447857789695263,432.0,20.0,0.025,1,1,,0.26202449202537537,0.0029145730659365654,0.0012754149502143264,0.002916194498538971,0.001279846066609025
language_table_sim,/Users/avalok/work/Q-TAIL-MVP/data/openx_demo/language_table_sim/0.0.1/language_table_sim-train.tfrecord-00148,633219593,20.266327829901712,148.0,149.0,14.0,7.142857074737549,100.0,0.0,0.01078812126070261,0.013510740362107754,360.0,19.0,0.07142857142857142,1,1,,0.2272927463054657,0.0035499194636940956,0.001068460987880826,0.003549683839082718,0.0010794915724545717
language_table_sim,/Users/avalok/work/Q-TAIL-MVP/data/openx_demo/language_table_sim/0.0.1/language_table_sim-train.tfrecord-00150,635521455,20.269956410415663,150.0,151.0,23.0,4.34782600402832,100.0,0.0,0.004665981978178024,0.006322828587144613,320.0,15.0,0.043478260869565216,1,1,,0.23512257635593414,0.0035628238692879677,0.0011666984064504504,0.0035651572979986668,0.0011713127605617046
language_table_sim,/Users/avalok/work/Q-TAIL-MVP/data/openx_demo/language_table_sim/0.0.1/language_table_sim-train.tfrecord-00151,513138814,20.056056961072855,151.0,152.0,23.0,4.34782600402832,100.0,0.0,0.011525464244186878,0.014605484902858734,352.0,19.0,0.043478260869565216,1,1,,0.24854397773742676,0.0028767294716089964,0.0011363800149410963,0.002875095931813121,0.0011196277337148786
language_table_sim,/Users/avalok/work/Q-TAIL-MVP/data/openx_demo/language_table_sim/0.0.1/language_table_sim-train.tfrecord-00152,640671702,20.27802771987771,152.0,153.0,14.0,7.142857074737549,100.0,0.0,0.008416946046054363,0.012348512187600136,296.0,18.0,0.07142857142857142,1,1,,0.22392615675926208,0.0035916969645768404,0.001054628286510706,0.0035893809981644154,0.0010561326052993536
language_table_sim,/Users/avalok/work/Q-TAIL-MVP/data/openx_demo/language_table_sim/0.0.1/language_table_sim-train.tfrecord-00155,522319377,20.07378979400108,155.0,156.0,20.0,5.0,100.0,0.0,0.0081255491822958,0.011938114650547504,352.0,17.0,0.05,1,1,,0.24460461735725403,0.002928196918219328,0.0010929432464763522,0.0029261873569339514,0.0010895945597440004
language_table_sim,/Users/avalok/work/Q-TAIL-MVP/data/openx_demo/language_table_sim/0.0.1/language_table_sim-train.tfrecord-00156,638316736,20.274345171095113,156.0,157.0,33.0,3.0303030014038086,100.0,0.0,0.006178662180900574,0.007552310358732939,352.0,16.0,0.030303030303030304,1,1,,0.24368804693222046,0.003578494768589735,0.001273232395760715,0.003578111296519637,0.001272201188839972
language_table_sim,/Users/avalok/work/Q-TAIL-MVP/data/openx_demo/language_table_sim/0.0.1/language_table_sim-train.tfrecord-00157,511695834,20.05324093420731,157.0,158.0,29.0,3.4482758045196533,100.0,0.0,0.007250446826219559,0.008896782994270325,192.0,12.0,0.034482758620689655,1,1,,0.24475085735321045,0.0028686397708952427,0.0010822574840858579,0.002869117772206664,0.0010760294971987605
language_table_sim,/Users/avalok/work/Q-TAIL-MVP/data/openx_demo/language_table_sim/0.0.1/language_table_sim-train.tfrecord-00159,519521370,20.068418505289767,159.0,160.0,16.0,6.25,100.0,0.0,0.006514926441013813,0.009250743314623833,424.0,21.0,0.0625,1,1,,0.24307526648044586,0.002912510884925723,0.0010800277814269066,0.0029110179748386145,0.0010705942986533046
language_table_sim,/Users/avalok/work/Q-TAIL-MVP/data/openx_demo/language_table_sim/0.0.1/language_table_sim-train.tfrecord-00160,648909469,20.290803773413092,160.0,161.0,41.0,2.4390244483947754,100.0,0.0,0.0077781700529158115,0.010041355155408382,328.0,18.0,0.024390243902439025,1,1,,0.2464555948972702,0.003637879155576229,0.0013278882252052426,0.0036365643609315157,0.0013178350636735559
language_table_sim,/Users/avalok/work/Q-TAIL-MVP/data/openx_demo/language_table_sim/0.0.1/language_table_sim-train.tfrecord-00161,513778927,20.057303629732086,161.0,162.0,49.0,2.040816307067871,100.0,0.0,0.00412221672013402,0.006227186415344477,368.0,16.0,0.02040816326530612,1,1,,0.26438039541244507,0.00288031785748899,0.001272285939194262,0.0028875241987407207,0.0012944547925144434
language_table_sim,/Users/avalok/work/Q-TAIL-MVP/data/openx_demo/language_table_sim/0.0.1/language_table_sim-train.tfrecord-00162,634539079,20.26840943502659,162.0,163.0,34.0,2.941176414489746,100.0,0.0,0.01136120967566967,0.014902662485837936,376.0,18.0,0.029411764705882353,1,1,,0.24580800533294678,0.003557316493242979,0.001297101378440857,0.0035556077491492033,0.001286475919187069
language_table_sim,/Users/avalok/work/Q-TAIL-MVP/data/openx_demo/language_table_sim/0.0.1/language_table_sim-train.tfrecord-00163,525102013,20.079103114060644,163.0,164.0,47.0,2.127659559249878,100.0,0.0,0.012080950662493706,0.014624393545091152,424.0,19.0,0.02127659574468085,1,1,,0.2645982801914215,0.002943796804174781,0.001297539914958179,0.002948079025372863,0.001311204512603581
language_table_sim,/Users/avalok/work/Q-TAIL-MVP/data/openx_demo/language_table_sim/0.0.1/language_table_sim-train.tfrecord-00164,632546874,20.265264886491828,164.0,165.0,32.0,3.125,100.0,0.0,0.009553739801049232,0.012791394256055355,208.0,15.0,0.03125,1,1,,0.23652225732803345,0.0035461480729281902,0.0011919578537344933,0.003545101499184966,0.0011827379930764437
language_table_sim,/Users/avalok/work/Q-TAIL-MVP/data/openx_demo/language_table_sim/0.0.1/language_table_sim-train.tfrecord-00165,520869087,20.07100929751049,165.0,166.0,32.0,3.125,100.0,0.0,0.012685274705290794,0.015330048277974129,440.0,18.0,0.03125,1,1,,0.2576041519641876,0.002920066472142935,0.0012236688053235412,0.0029184718150645494,0.001238433993421495
language_table_sim,/Users/avalok/work/Q-TAIL-MVP/data/openx_demo/language_table_sim/0.0.1/language_table_sim-train.tfrecord-00166,628160103,20.25830563461527,166.0,167.0,31.0,3.225806474685669,100.0,0.0,0.013249507173895836,0.016296416521072388,472.0,19.0,0.03225806451612903,1,1,,0.24768924713134766,0.0035215551033616066,0.0013025820953771472,0.0035176053643226624,0.0012984529603272676
language_table_sim,/Users/avalok/work/Q-TAIL-MVP/data/openx_demo/language_table_sim/0.0.1/language_table_sim-train.tfrecord-00167,521932501,20.073048830972695,167.0,168.0,11.0,9.090909004211426,100.0,0.0,0.009041257202625275,0.011839325539767742,304.0,20.0,0.09090909090909091,1,1,,0.23098689317703247,0.002926028100773692,0.0009413465741090477,0.002923746593296528,0.0009418586269021034
language_table_sim,/Users/avalok/work/Q-TAIL-MVP/data/openx_demo/language_table_sim/0.0.1/language_table_sim-train.tfrecord-00168,635623598,20.270117120634875,168.0,169.0,31.0,3.225806474685669,100.0,0.0,0.011071430519223213,0.013995647430419922,472.0,19.0,0.03225806451612903,1,1,,0.2469915747642517,0.003563396632671356,0.0013074381276965141,0.003559976117685437,0.0013035864103585482
language_table_sim,/Users/avalok/work/Q-TAIL-MVP/data/openx_demo/language_table_sim/0.0.1/language_table_sim-train.tfrecord-00169,528373374,20.085313741379263,169.0,170.0,18.0,5.55555534362793,100.0,0.0,0.006943714339286089,0.008200041018426418,280.0,15.0,0.05555555555555555,1,1,,0.23864440619945526,0.002962136408314109,0.0010471015702933073,0.002959796693176031,0.0010296870023012161
language_table_sim,/Users/avalok/work/Q-TAIL-MVP/data/openx_demo/language_table_sim/0.0.1/language_table_sim-train.tfrecord-00170,629099574,20.259800108971756,170.0,171.0,20.0,5.0,100.0,0.0,0.0021497420966625214,0.0033819798845797777,312.0,19.0,0.05,1,1,,0.2327120453119278,0.0035268219653517008,0.0011225187918171287,0.0035288329236209393,0.0011343996739014983
language_table_sim,/Users/avalok/work/Q-TAIL-MVP/data/openx_demo/language_table_sim/0.0.1/language_table_sim-train.tfrecord-00171,520852401,20.070977262076525,171.0,172.0,14.0,7.142857074737549,100.0,0.0,0.005027902778238058,0.0062000947073102,488.0,19.0,0.07142857142857142,1,1,,0.24215613305568695,0.002919972874224186,0.0010617722291499376,0.0029199542477726936,0.0010673091746866703
language_table_sim,/Users/avalok/work/Q-TAIL-MVP/data/openx_demo/language_table_sim/0.0.1/language_table_sim-train.tfrecord-00172,630674247,20.262300039977383,172.0,173.0,69.0,1.4492753744125366,100.0,0.0,0.002312574302777648,0.003061528317630291,440.0,20.0,0.014492753623188406,1,1,,0.2628379762172699,0.0035356497392058372,0.0014537367969751358,0.0035379123874008656,0.001461399719119072
language_table_sim,/Users/avalok/work/Q-TAIL-MVP/data/openx_demo/language_table_sim/0.0.1/language_table_sim-train.tfrecord-00173,522127450,20.073422275048785,173.0,174.0,28.0,3.5714285373687744,100.0,0.0,0.0064185550436377525,0.007095724809914827,472.0,21.0,0.03571428571428571,1,1,,0.2556373178958893,0.0029271210078150034,0.001213878975249827,0.002924223430454731,0.0012255888432264328
language_table_sim,/Users/avalok/work/Q-TAIL-MVP/data/openx_demo/language_table_sim/0.0.1/language_table_sim-train.tfrecord-00174,644395093,20.283822595954437,174.0,175.0,44.0,2.2727272510528564,100.0,0.0,0.00991792418062687,0.011761155910789967,400.0,18.0,0.022727272727272728,1,1,,0.2511380910873413,0.0036125709302723408,0.0013597849756479263,0.003609907813370228,0.0013605213025584817
language_table_sim,/Users/avalok/work/Q-TAIL-MVP/data/openx_demo/language_table_sim/0.0.1/language_table_sim-train.tfrecord-00175,525066953,20.079036343853026,175.0,176.0,15.0,6.666666507720947,100.0,0.0,0.0075439149513840675,0.010072138160467148,368.0,17.0,0.06666666666666667,1,1,,0.23922985792160034,0.002943600295111537,0.0010431312257423997,0.002941753016784787,0.0010319059947505593
language_table_sim,/Users/avalok/work/Q-TAIL-MVP/data/openx_demo/language_table_sim/0.0.1/language_table_sim-train.tfrecord-00176,650080791,20.29260720851454,176.0,177.0,38.0,2.6315789222717285,100.0,0.0,0.011891783215105534,0.014568887650966644,408.0,17.0,0.02631578947368421,1,1,,0.2479320764541626,0.003644445678219199,0.0013443991774693131,0.0036420482210814953,0.0013339773286134005
language_table_sim,/Users/avalok/work/Q-TAIL-MVP/data/openx_demo/language_table_sim/0.0.1/language_table_sim-train.tfrecord-00177,534538288,20.096913921036755,177.0,178.0,38.0,2.6315789222717285,100.0,0.0,0.008941668085753918,0.011797785758972168,416.0,18.0,0.02631578947368421,1,1,,0.2589109241962433,0.0029966977890580893,0.0012804031139239669,0.0029965254943817854,0.0012733821058645844
language_table_sim,/Users/avalok/work/Q-TAIL-MVP/data/openx_demo/language_table_sim/0.0.1/language_table_sim-train.tfrecord-00179,530082746,20.088543678739075,179.0,180.0,40.0,2.5,100.0,0.0,0.013184611685574055,0.01597101427614689,360.0,16.0,0.025,1,1,,0.25848960876464844,0.0029717194847762585,0.001263833953998983,0.002972982358187437,0.0012573885032907128
language_table_sim,/Users/avalok/work/Q-TAIL-MVP/data/openx_demo/language_table_sim/0.0.1/language_table_sim-train.tfrecord-00180,659506055,20.30700171279366,180.0,181.0,43.0,2.3255813121795654,100.0,0.0,0.001507089240476489,0.0027823348063975573,312.0,19.0,0.023255813953488372,1,1,,0.24583129584789276,0.0036972849629819393,0.001338343252427876,0.0036965119652450085,0.0013317178236320615
language_table_sim,/Users/avalok/work/Q-TAIL-MVP/data/openx_demo/language_table_sim/0.0.1/language_table_sim-train.tfrecord-00181,525241191,20.079368128391238,181.0,182.0,12.0,8.333333015441895,100.0,0.0,0.006094967480748892,0.00862349197268486,312.0,15.0,0.08333333333333333,1,1,,0.2324516773223877,0.002944577019661665,0.0009557973244227469,0.0029416170436888933,0.0009599938057363033
language_table_sim,/Users/avalok/work/Q-TAIL-MVP/data/openx_demo/language_table_sim/0.0.1/language_table_sim-train.tfrecord-00182,655120785,20.30033018270568,182.0,183.0,11.0,9.090909004211426,100.0,0.0,0.0063785165548324585,0.009233680553734303,296.0,19.0,0.09090909090909091,1,1,,0.21809715032577515,0.003672700608149171,0.0010649076430127025,0.003662352217361331,0.0010291568469256163
language_table_sim,/Users/avalok/work/Q-TAIL-MVP/data/openx_demo/language_table_sim/0.0.1/language_table_sim-train.tfrecord-00185,523671943,20.07637598515855,185.0,186.0,19.0,5.263157844543457,100.0,0.0,0.009748865850269794,0.011985452845692635,632.0,21.0,0.05263157894736842,1,1,,0.2517985999584198,0.0029357795137912035,0.001187055022455752,0.0029316062573343515,0.0011927016312256455
language_table_sim,/Users/avalok/work/Q-TAIL-MVP/data/openx_demo/language_table_sim/0.0.1/language_table_sim-train.tfrecord-00189,528250124,20.085080451090796,189.0,190.0,31.0,3.225806474685669,100.0,0.0,0.004378203302621841,0.0054829600267112255,176.0,15.0,0.03225806451612903,1,1,,0.24349236488342285,0.002961445599794388,0.0010966663248836994,0.002961142221465707,0.0010921823559328914
language_table_sim,/Users/avalok/work/Q-TAIL-MVP/data/openx_demo/language_table_sim/0.0.1/language_table_sim-train.tfrecord-00194,626718250,20.256007637157964,194.0,195.0,14.0,7.142857074737549,100.0,0.0,0.011604556813836098,0.014160686172544956,328.0,16.0,0.07142857142857142,1,1,,0.22670888900756836,0.003513471921905875,0.001047204714268446,0.0035115503706038,0.0010610332246869802
language_table_sim,/Users/avalok/work/Q-TAIL-MVP/data/openx_demo/language_table_sim/0.0.1/language_table_sim-train.tfrecord-00195,500259912,20.030638347323734,195.0,196.0,36.0,2.777777671813965,100.0,0.0,0.004774400964379311,0.0059072538278996944,328.0,18.0,0.027777777777777776,1,1,,0.25811830163002014,0.0028045284561812878,0.0012097683502361178,0.0028079799376428127,0.0012114210985600948
language_table_sim,/Users/avalok/work/Q-TAIL-MVP/data/openx_demo/language_table_sim/0.0.1/language_table_sim-train.tfrecord-00197,510781757,20.051452968877275,197.0,198.0,39.0,2.5641026496887207,100.0,0.0,0.0072482372634112835,0.01008064765483141,296.0,16.0,0.02564102564102564,1,1,,0.25723856687545776,0.0028635154012590647,0.001200939412228763,0.002866970608010888,0.001215278054587543
nyu_door_opening_surprising_effectiveness,/Users/avalok/work/Q-TAIL-MVP/data/openx_demo/nyu_door_opening_surprising_effectiveness/nyu_door_opening_surprising_effectiveness-test.tfrecord-00000-of-00008,26838587,17.105351260636212,0.0,8.0,37.0,0.027027027681469917,1.0,0.0,0.018914978951215744,0.09500107169151306,9.0,1.0,0.05405405405405406,1,1,,0.5031058192253113,0.00015046095359139144,0.0011642401805147529,0.00015247603005263954,0.0011822824599221349
nyu_door_opening_surprising_effectiveness,/Users/avalok/work/Q-TAIL-MVP/data/openx_demo/nyu_door_opening_surprising_effectiveness/nyu_door_opening_surprising_effectiveness-test.tfrecord-00001-of-00008,106607625,18.484665605598803,1.0,8.0,56.0,0.01785714365541935,1.0,0.0,0.015221602283418179,0.07206525653600693,9.0,1.0,0.03571428571428571,1,1,,0.4531156122684479,0.0005976575776003301,0.0008327197283506393,0.000599222257733345,0.000839213898871094
nyu_door_opening_surprising_effectiveness,/Users/avalok/work/Q-TAIL-MVP/data/openx_demo/nyu_door_opening_surprising_effectiveness/nyu_door_opening_surprising_effectiveness-test.tfrecord-00002-of-00008,114514239,18.556209740037886,2.0,8.0,36.0,0.02777777798473835,1.0,0.0,0.016938842833042145,0.08786425739526749,9.0,1.0,0.05555555555555555,1,1,,0.4577390253543854,0.0006419831770472229,0.0008584600291214883,0.0006413088995032012,0.0008680216269567609
nyu_door_opening_surprising_effectiveness,/Users/avalok/work/Q-TAIL-MVP/data/openx_demo/nyu_door_opening_surprising_effectiveness/nyu_door_opening_surprising_effectiveness-test.tfrecord-00003-of-00008,134654380,18.718221912897565,3.0,8.0,62.0,0.016129031777381897,1.0,0.0,0.01553271058946848,0.07004436105489731,9.0,1.0,0.03225806451612903,1,1,,0.47738805413246155,0.000754891661927104,0.001037811511196196,0.0007555550546385348,0.001030163373798132
nyu_door_opening_surprising_effectiveness,/Users/avalok/work/Q-TAIL-MVP/data/openx_demo/nyu_door_opening_surprising_effectiveness/nyu_door_opening_surprising_effectiveness-test.tfrecord-00004-of-00008,184479346,19.03304807479966,4.0,8.0,37.0,0.027027027681469917,1.0,0.0,0.01902913488447666,0.09380550682544708,9.0,1.0,0.05405405405405406,1,1,,0.46721121668815613,0.001034217537380755,0.0010620731627568603,0.0010339573491364717,0.001033741980791092
nyu_door_opening_surprising_effectiveness,/Users/avalok/work/Q-TAIL-MVP/data/openx_demo/nyu_door_opening_surprising_effectiveness/nyu_door_opening_surprising_effectiveness-test.tfrecord-00005-of-00008,113796447,18.5499218665156,5.0,8.0,61.0,0.016393441706895828,1.0,0.0,0.015749994665384293,0.07038116455078125,9.0,1.0,0.03278688524590164,1,1,,0.5212997794151306,0.0006379591068252921,0.0015494442777708173,0.0006390029448084533,0.0015607988461852074
nyu_door_opening_surprising_effectiveness,/Users/avalok/work/Q-TAIL-MVP/data/openx_demo/nyu_door_opening_surprising_effectiveness/nyu_door_opening_surprising_effectiveness-test.tfrecord-00006-of-00008,83012560,18.234502491659928,6.0,8.0,63.0,0.01587301678955555,1.0,0.0,0.015311801806092262,0.06914762407541275,9.0,1.0,0.031746031746031744,1,1,,0.5567770004272461,0.00046538026072084904,0.0019848800729960203,0.0004665350425057113,0.001997054321691394
nyu_door_opening_surprising_effectiveness,/Users/avalok/work/Q-TAIL-MVP/data/openx_demo/nyu_door_opening_surprising_effectiveness/nyu_door_opening_surprising_effectiveness-test.tfrecord-00007-of-00008,140911916,18.763645551007105,7.0,8.0,32.0,0.03125,1.0,0.0,0.02090746909379959,0.1006489247083664,9.0,1.0,0.0625,1,1,,0.531622588634491,0.0007899723132140934,0.001745024579577148,0.0007918783230707049,0.0017599521670490503
nyu_door_opening_surprising_effectiveness,/Users/avalok/work/Q-TAIL-MVP/data/openx_demo/nyu_door_opening_surprising_effectiveness/nyu_door_opening_surprising_effectiveness-train.tfrecord-00000-of-00064,64888894,17.98818705763436,0.0,64.0,46.0,0.021739130839705467,1.0,0.0,0.02070802077651024,0.08239766210317612,9.0,1.0,0.043478260869565216,1,1,,0.4589901566505432,0.0003637764020822942,0.0007910149870440364,0.00036450164043344557,0.0008115313248708844
nyu_door_opening_surprising_effectiveness,/Users/avalok/work/Q-TAIL-MVP/data/openx_demo/nyu_door_opening_surprising_effectiveness/nyu_door_opening_surprising_effectiveness-train.tfrecord-00001-of-00064,124461902,18.639510227041484,1.0,64.0,55.0,0.0181818176060915,1.0,0.0,0.017570771276950836,0.07347358018159866,9.0,1.0,0.03636363636363636,1,1,,0.4289693236351013,0.0006977511802688241,0.0007806430221535265,0.0006982413469813764,0.0007911163847893476
nyu_door_opening_surprising_effectiveness,/Users/avalok/work/Q-TAIL-MVP/data/openx_demo/nyu_door_opening_surprising_effectiveness/nyu_door_opening_surprising_effectiveness-train.tfrecord-00002-of-00064,54338788,17.81074887610502,2.0,64.0,28.0,0.0357142873108387,1.0,0.0,0.023104781284928322,0.10249415040016174,9.0,1.0,0.07142857142857142,1,1,,0.4631456434726715,0.0003046309866476804,0.0008094643126241863,0.0003020207514055073,0.0008270969265140593
nyu_door_opening_surprising_effectiveness,/Users/avalok/work/Q-TAIL-MVP/data/openx_demo/nyu_door_opening_surprising_effectiveness/nyu_door_opening_surprising_effectiveness-train.tfrecord-00003-of-00064,231270619,19.259099097949186,3.0,64.0,30.0,0.03333333507180214,1.0,0.0,0.01987379416823387,0.10185200721025467,9.0,1.0,0.06666666666666667,1,1,,0.38714799284935,0.0012965360656380653,0.0008714026771485806,0.0013055007439106703,0.0008881539688445628
nyu_door_opening_surprising_effectiveness,/Users/avalok/work/Q-TAIL-MVP/data/openx_demo/nyu_door_opening_surprising_effectiveness/nyu_door_opening_surprising_effectiveness-train.tfrecord-00004-of-00064,143763334,18.7836789985567,4.0,64.0,27.0,0.03703703731298447,1.0,0.0,0.022401046007871628,0.10500121861696243,9.0,1.0,0.07407407407407407,1,1,,0.4133586287498474,0.0008059577667154372,0.0007785972557030618,0.0008028878364712,0.0007869822438806295
nyu_door_opening_surprising_effectiveness,/Users/avalok/work/Q-TAIL-MVP/data/openx_demo/nyu_door_opening_surprising_effectiveness/nyu_door_opening_surprising_effectiveness-train.tfrecord-00005-of-00064,46937293,17.664323098664084,5.0,64.0,38.0,0.02631578966975212,1.0,0.0,0.015926964581012726,0.08463073521852493,9.0,1.0,0.05263157894736842,1,1,,0.48372891545295715,0.0002631371608003974,0.0009875526884570718,0.00026334813446737826,0.000981585239060223
nyu_door_opening_surprising_effectiveness,/Users/avalok/work/Q-TAIL-MVP/data/openx_demo/nyu_door_opening_surprising_effectiveness/nyu_door_opening_surprising_effectiveness-train.tfrecord-00006-of-00064,137266409,18.737434194048376,6.0,64.0,37.0,0.027027027681469917,1.0,0.0,0.015974482521414757,0.08496075123548508,9.0,1.0,0.05405405405405406,1,1,,0.4264281392097473,0.0007695350795984268,0.0007867407985031605,0.0007691466598771513,0.0007977602654136717
nyu_door_opening_surprising_effectiveness,/Users/avalok/work/Q-TAIL-MVP/data/openx_demo/nyu_door_opening_surprising_effectiveness/nyu_door_opening_surprising_effectiveness-train.tfrecord-00007-of-00064,114303905,18.554371301409493,7.0,64.0,65.0,0.015384615398943424,1.0,0.0,0.0155020821839571,0.06742401421070099,9.0,1.0,0.03076923076923077,1,1,,0.450153648853302,0.0006408040062524378,0.0008355876198038459,0.0006422971491701901,0.0008418766083195806
nyu_door_opening_surprising_effectiveness,/Users/avalok/work/Q-TAIL-MVP/data/openx_demo/nyu_door_opening_surprising_effectiveness/nyu_door_opening_surprising_effectiveness-train.tfrecord-00008-of-00064,130228511,18.684801249939884,8.0,64.0,57.0,0.017543859779834747,1.0,0.0,0.017460467293858528,0.07276436686515808,9.0,1.0,0.03508771929824561,1,1,,0.44252803921699524,0.0007300795987248421,0.0008333175210282207,0.0007310832152143121,0.0008353737066499889
nyu_door_opening_surprising_effectiveness,/Users/avalok/work/Q-TAIL-MVP/data/openx_demo/nyu_door_opening_surprising_effectiveness/nyu_door_opening_surprising_effectiveness-train.tfrecord-00009-of-00064,32112571,17.284758162515317,9.0,64.0,36.0,0.02777777798473835,1.0,0.0,0.01792575977742672,0.09083113819360733,9.0,1.0,0.05555555555555555,1,1,,0.5123110413551331,0.00018002765136770904,0.0013599437661468983,0.00018063005700241774,0.0013115350157022476
nyu_door_opening_surprising_effectiveness,/Users/avalok/work/Q-TAIL-MVP/data/openx_demo/nyu_door_opening_surprising_effectiveness/nyu_door_opening_surprising_effectiveness-train.tfrecord-00010-of-00064,77712187,18.168522662753535,10.0,64.0,30.0,0.03333333507180214,1.0,0.0,0.021136607974767685,0.10378798842430115,9.0,1.0,0.06666666666666667,1,1,,0.4624003767967224,0.0004356655990704894,0.0008455555071122944,0.00043263990664854646,0.0008489362662658095
nyu_door_opening_surprising_effectiveness,/Users/avalok/work/Q-TAIL-MVP/data/openx_demo/nyu_door_opening_surprising_effectiveness/nyu_door_opening_surprising_effectiveness-train.tfrecord-00011-of-00064,37157077,17.430664835879536,11.0,64.0,32.0,0.03125,1.0,0.0,0.020146390423178673,0.10091351717710495,9.0,1.0,0.0625,1,1,,0.5063949823379517,0.00020830787252634764,0.0012319947127252817,0.0002078579127555713,0.0012343411799520254
nyu_door_opening_surprising_effectiveness,/Users/avalok/work/Q-TAIL-MVP/data/openx_demo/nyu_door_opening_surprising_effectiveness/nyu_door_opening_surprising_effectiveness-train.tfrecord-00012-of-00064,104558787,18.4652600357823,12.0,64.0,57.0,0.017543859779834747,1.0,0.0,0.017798088490962982,0.07324998825788498,9.0,1.0,0.03508771929824561,1,1,,0.46334683895111084,0.0005861714598722756,0.0008945436566136777,0.0005880521493963897,0.0008867547148838639
nyu_door_opening_surprising_effectiveness,/Users/avalok/work/Q-TAIL-MVP/data/openx_demo/nyu_door_opening_surprising_effectiveness/nyu_door_opening_surprising_effectiveness-train.tfrecord-00013-of-00064,77820536,18.16991592603658,13.0,64.0,35.0,0.02857142873108387,1.0,0.0,0.01915028505027294,0.09593953937292099,9.0,1.0,0.05714285714285714,1,1,,0.4719384014606476,0.0004362730251159519,0.0009158782777376473,0.0004351329989731312,0.0009142535272985697
nyu_door_opening_surprising_effectiveness,/Users/avalok/work/Q-TAIL-MVP/data/openx_demo/nyu_door_opening_surprising_effectiveness/nyu_door_opening_surprising_effectiveness-train.tfrecord-00014-of-00064,113453437,18.546903072829686,14.0,64.0,48.0,0.02083333395421505,1.0,0.0,0.02012493461370468,0.08083253353834152,9.0,1.0,0.041666666666666664,1,1,,0.4597841799259186,0.0006360361585393548,0.0008710281108506024,0.000637343677226454,0.0008778515039011836
nyu_door_opening_surprising_effectiveness,/Users/avalok/work/Q-TAIL-MVP/data/openx_demo/nyu_door_opening_surprising_effectiveness/nyu_door_opening_surprising_effectiveness-train.tfrecord-00015-of-00064,172370328,18.96515579581356,15.0,64.0,35.0,0.02857142873108387,1.0,0.0,0.01891155168414116,0.09343361854553223,9.0,1.0,0.05714285714285714,1,1,,0.4326004683971405,0.0009663326782174408,0.000874978257343173,0.0009669160353951156,0.00085967913037166
nyu_door_opening_surprising_effectiveness,/Users/avalok/work/Q-TAIL-MVP/data/openx_demo/nyu_door_opening_surprising_effectiveness/nyu_door_opening_surprising_effectiveness-train.tfrecord-00016-of-00064,5948388,15.598630984558186,16.0,64.0,37.0,0.027027027681469917,1.0,0.0,0.018683940172195435,0.09480825066566467,9.0,1.0,0.05405405405405406,1,1,,0.6208594441413879,3.3347510907333344e-05,0.0026106825098395348,3.712990292115137e-05,0.002617846941575408
nyu_door_opening_surprising_effectiveness,/Users/avalok/work/Q-TAIL-MVP/data/openx_demo/nyu_door_opening_surprising_effectiveness/nyu_door_opening_surprising_effectiveness-train.tfrecord-00017-of-00064,60179988,17.912850446381178,17.0,64.0,29.0,0.03448275849223137,1.0,0.0,0.023038716986775398,0.10430752485990524,9.0,1.0,0.06896551724137931,1,1,,0.4910898208618164,0.0003373775980435312,0.0011033121263608336,0.0003345110162626952,0.001084257266484201
nyu_door_opening_surprising_effectiveness,/Users/avalok/work/Q-TAIL-MVP/data/openx_demo/nyu_door_opening_surprising_effectiveness/nyu_door_opening_surprising_effectiveness-train.tfrecord-00018-of-00064,80412912,18.202685330705613,18.0,64.0,34.0,0.029411764815449715,1.0,0.0,0.017833227291703224,0.09282350540161133,9.0,1.0,0.058823529411764705,1,1,,0.4804249107837677,0.0004508062556851655,0.0009739692904986441,0.00044931439333595335,0.0009959726594388485
nyu_door_opening_surprising_effectiveness,/Users/avalok/work/Q-TAIL-MVP/data/openx_demo/nyu_door_opening_surprising_effectiveness/nyu_door_opening_surprising_effectiveness-train.tfrecord-00019-of-00064,39190060,17.483933726694122,19.0,64.0,32.0,0.03125,1.0,0.0,0.019374193623661995,0.10062834620475769,9.0,1.0,0.0625,1,1,,0.5209563374519348,0.0002197050635004416,0.0014301249757409096,0.00021870873752050102,0.0014354184968397021
nyu_door_opening_surprising_effectiveness,/Users/avalok/work/Q-TAIL-MVP/data/openx_demo/nyu_door_opening_surprising_effectiveness/nyu_door_opening_surprising_effectiveness-train.tfrecord-00020-of-00064,196062822,19.093945691347667,20.0,64.0,58.0,0.017241379246115685,1.0,0.0,0.017748408019542694,0.07220233976840973,9.0,1.0,0.034482758620689655,1,1,,0.4466642737388611,0.001099156099371612,0.0009395260130986571,0.0010937327751889825,0.0009462106972932816
nyu_door_opening_surprising_effectiveness,/Users/avalok/work/Q-TAIL-MVP/data/openx_demo/nyu_door_opening_surprising_effectiveness/nyu_door_opening_surprising_effectiveness-train.tfrecord-00021-of-00064,30260672,17.22535950665879,21.0,64.0,36.0,0.02777777798473835,1.0,0.0,0.019956469535827637,0.09408962726593018,9.0,1.0,0.05555555555555555,1,1,,0.5418878197669983,0.00016964564565569162,0.0016847384395077825,0.00016961713845375925,0.0017014159820973873
nyu_door_opening_surprising_effectiveness,/Users/avalok/work/Q-TAIL-MVP/data/openx_demo/nyu_door_opening_surprising_effectiveness/nyu_door_opening_surprising_effectiveness-train.tfrecord-00022-of-00064,154674518,18.85683358963025,22.0,64.0,31.0,0.032258063554763794,1.0,0.0,0.019781669601798058,0.09756093472242355,9.0,1.0,0.06451612903225806,1,1,,0.45142582058906555,0.0008671274408698082,0.0009045522892847657,0.0008665097993798554,0.0008958060061559081
nyu_door_opening_surprising_effectiveness,/Users/avalok/work/Q-TAIL-MVP/data/openx_demo/nyu_door_opening_surprising_effectiveness/nyu_door_opening_surprising_effectiveness-train.tfrecord-00023-of-00064,49548330,17.718459135024645,23.0,64.0,33.0,0.03030303120613098,1.0,0.0,0.02007421664893627,0.09903796017169952,9.0,1.0,0.06060606060606061,1,1,,0.5174469351768494,0.000277775019640103,0.0014420413644984365,0.0002763666561804712,0.0014088471652939916
nyu_door_opening_surprising_effectiveness,/Users/avalok/work/Q-TAIL-MVP/data/openx_demo/nyu_door_opening_surprising_effectiveness/nyu_door_opening_surprising_effectiveness-train.tfrecord-00024-of-00064,111704123,18.531364183680182,24.0,64.0,45.0,0.02222222276031971,1.0,0.0,0.015505966730415821,0.08278030157089233,9.0,1.0,0.044444444444444446,1,1,,0.48114028573036194,0.0006262292736209929,0.0010453516151756048,0.000627216708380729,0.0010389011586084962
nyu_door_opening_surprising_effectiveness,/Users/avalok/work/Q-TAIL-MVP/data/openx_demo/nyu_door_opening_surprising_effectiveness/nyu_door_opening_surprising_effectiveness-train.tfrecord-00025-of-00064,120334977,18.60578989512567,25.0,64.0,36.0,0.02777777798473835,1.0,0.0,0.01763962395489216,0.09302129596471786,9.0,1.0,0.05555555555555555,1,1,,0.47477462887763977,0.0006746150320395827,0.0010051056742668152,0.0006741074030287564,0.0009990931721404195
nyu_door_opening_surprising_effectiveness,/Users/avalok/work/Q-TAIL-MVP/data/openx_demo/nyu_door_opening_surprising_effectiveness/nyu_door_opening_surprising_effectiveness-train.tfrecord-00026-of-00064,71573741,18.08623883282473,26.0,64.0,43.0,0.023255813866853714,1.0,0.0,0.014053412713110447,0.08065718412399292,9.0,1.0,0.046511627906976744,1,1,,0.5089778900146484,0.00040125258965417743,0.0013183433329686522,0.0004014860314782709,0.0013322519371286035
nyu_door_opening_surprising_effectiveness,/Users/avalok/work/Q-TAIL-MVP/data/openx_demo/nyu_door_opening_surprising_effectiveness/nyu_door_opening_surprising_effectiveness-train.tfrecord-00027-of-00064,41058121,17.53049923056458,27.0,64.0,33.0,0.03030303120613098,1.0,0.0,0.020156437531113625,0.09607919305562973,9.0,1.0,0.06060606060606061,1,1,,0.5364862084388733,0.00023017768398858607,0.0016433359123766422,0.00022900738986209035,0.001645586104132235
nyu_door_opening_surprising_effectiveness,/Users/avalok/work/Q-TAIL-MVP/data/openx_demo/nyu_door_opening_surprising_effectiveness/nyu_door_opening_surprising_effectiveness-train.tfrecord-00028-of-00064,82079142,18.223194498299087,28.0,64.0,58.0,0.017241379246115685,1.0,0.0,0.017195211723446846,0.07166195660829544,9.0,1.0,0.034482758620689655,1,1,,0.5119779706001282,0.0004601473920047283,0.0014152784133329988,0.0004619679239112884,0.00137790956068784
nyu_door_opening_surprising_effectiveness,/Users/avalok/work/Q-TAIL-MVP/data/openx_demo/nyu_door_opening_surprising_effectiveness/nyu_door_opening_surprising_effectiveness-train.tfrecord-00029-of-00064,104262005,18.462417577479776,29.0,64.0,30.0,0.03333333507180214,1.0,0.0,0.02181689254939556,0.11094581335783005,9.0,1.0,0.06666666666666667,1,1,,0.48791399598121643,0.000584507652092725,0.0011079023825004697,0.0005820030346512794,0.0011194810504093766
nyu_door_opening_surprising_effectiveness,/Users/avalok/work/Q-TAIL-MVP/data/openx_demo/nyu_door_opening_surprising_effectiveness/nyu_door_opening_surprising_effectiveness-train.tfrecord-00030-of-00064,146282587,18.8010508431863,30.0,64.0,31.0,0.032258063554763794,1.0,0.0,0.019532542675733566,0.09582162648439407,9.0,1.0,0.06451612903225806,1,1,,0.4719657301902771,0.0008200810407288373,0.0010283986339345574,0.0008191398810595274,0.0010216666851192713
nyu_door_opening_surprising_effectiveness,/Users/avalok/work/Q-TAIL-MVP/data/openx_demo/nyu_door_opening_surprising_effectiveness/nyu_door_opening_surprising_effectiveness-train.tfrecord-00031-of-00064,201467040,19.121136357734056,31.0,64.0,36.0,0.02777777798473835,1.0,0.0,0.01781906932592392,0.09146341681480408,9.0,1.0,0.05555555555555555,1,1,,0.45957672595977783,0.0011294529540464282,0.0010062257060781121,0.0011296910233795643,0.0010085896356031299
nyu_door_opening_surprising_effectiveness,/Users/avalok/work/Q-TAIL-MVP/data/openx_demo/nyu_door_opening_surprising_effectiveness/nyu_door_opening_surprising_effectiveness-train.tfrecord-00032-of-00064,108374136,18.501100029942155,32.0,64.0,59.0,0.016949152573943138,1.0,0.0,0.01569717563688755,0.071845144033432,9.0,1.0,0.03389830508474576,1,1,,0.505803644657135,0.0006075608544051647,0.0013192613841965795,0.0006092297844588757,0.0013238873798400164
nyu_door_opening_surprising_effectiveness,/Users/avalok/work/Q-TAIL-MVP/data/openx_demo/nyu_door_opening_surprising_effectiveness/nyu_door_opening_surprising_effectiveness-train.tfrecord-00033-of-00064,68463423,18.041810204422696,33.0,64.0,55.0,0.0181818176060915,1.0,0.0,0.01765512302517891,0.0743025615811348,9.0,1.0,0.03636363636363636,1,1,,0.5318101048469543,0.0003838157281279564,0.001632071565836668,0.0003848363703582436,0.0016552250599488616
nyu_door_opening_surprising_effectiveness,/Users/avalok/work/Q-TAIL-MVP/data/openx_demo/nyu_door_opening_surprising_effectiveness/nyu_door_opening_surprising_effectiveness-train.tfrecord-00034-of-00064,163259416,18.91085100899005,34.0,64.0,42.0,0.02380952425301075,1.0,0.0,0.015006999485194683,0.08134906738996506,9.0,1.0,0.047619047619047616,1,1,,0.4807177186012268,0.000915255572181195,0.001112063298933208,0.0009142822818830609,0.001117406995035708
nyu_door_opening_surprising_effectiveness,/Users/avalok/work/Q-TAIL-MVP/data/openx_demo/nyu_door_opening_surprising_effectiveness/nyu_door_opening_surprising_effectiveness-train.tfrecord-00035-of-00064,147301495,18.80799203752521,35.0,64.0,30.0,0.03333333507180214,1.0,0.0,0.02064911462366581,0.09950181096792221,9.0,1.0,0.06666666666666667,1,1,,0.4819067120552063,0.0008257931913249195,0.0011318795150145888,0.0008250806131400168,0.0011245050700381398
nyu_door_opening_surprising_effectiveness,/Users/avalok/work/Q-TAIL-MVP/data/openx_demo/nyu_door_opening_surprising_effectiveness/nyu_door_opening_surprising_effectiveness-train.tfrecord-00036-of-00064,117534656,18.582243801249835,36.0,64.0,52.0,0.01923076994717121,1.0,0.0,0.01856209523975849,0.07658769190311432,9.0,1.0,0.038461538461538464,1,1,,0.5075604915618896,0.0006589160766452551,0.001366979326121509,0.0006599153275601566,0.0013718081172555685
nyu_door_opening_surprising_effectiveness,/Users/avalok/work/Q-TAIL-MVP/data/openx_demo/nyu_door_opening_surprising_effectiveness/nyu_door_opening_surprising_effectiveness-train.tfrecord-00037-of-00064,112913657,18.54213399611664,37.0,64.0,40.0,0.02500000037252903,1.0,0.0,0.016119495034217834,0.08646128326654434,9.0,1.0,0.05,1,1,,0.5065990686416626,0.0006330100586637855,0.0013590247835963964,0.0006332008051685989,0.0013649248285219073
nyu_door_opening_surprising_effectiveness,/Users/avalok/work/Q-TAIL-MVP/data/openx_demo/nyu_door_opening_surprising_effectiveness/nyu_door_opening_surprising_effectiveness-train.tfrecord-00038-of-00064,96152830,18.381449473143352,38.0,64.0,62.0,0.016129031777381897,1.0,0.0,0.015773283317685127,0.0693875402212143,9.0,1.0,0.03225806451612903,1,1,,0.5265055894851685,0.0005390464793890715,0.0016235350631177425,0.0005407256539911032,0.0016136221820488572
nyu_door_opening_surprising_effectiveness,/Users/avalok/work/Q-TAIL-MVP/data/openx_demo/nyu_door_opening_surprising_effectiveness/nyu_door_opening_surprising_effectiveness-train.tfrecord-00039-of-00064,78645230,18.180457549902233,39.0,64.0,56.0,0.01785714365541935,1.0,0.0,0.01850270852446556,0.07530710101127625,9.0,1.0,0.03571428571428571,1,1,,0.537717878818512,0.00044089637231081724,0.001710275188088417,0.0004421224584802985,0.0017493541818112135
nyu_door_opening_surprising_effectiveness,/Users/avalok/work/Q-TAIL-MVP/data/openx_demo/nyu_door_opening_surprising_effectiveness/nyu_door_opening_surprising_effectiveness-train.tfrecord-00040-of-00064,80309050,18.20139288738458,40.0,64.0,34.0,0.029411764815449715,1.0,0.0,0.018404731526970863,0.09329870343208313,9.0,1.0,0.058823529411764705,1,1,,0.5286335945129395,0.0004502240044530481,0.0016146011184901,0.0004491824365686625,0.0016155348857864738
nyu_door_opening_surprising_effectiveness,/Users/avalok/work/Q-TAIL-MVP/data/openx_demo/nyu_door_opening_surprising_effectiveness/nyu_door_opening_surprising_effectiveness-train.tfrecord-00041-of-00064,114659089,18.55747384890508,41.0,64.0,39.0,0.025641025975346565,1.0,0.0,0.016924699768424034,0.08799814432859421,9.0,1.0,0.05128205128205128,1,1,,0.514011561870575,0.0006427952321246266,0.001515024690888822,0.000642921426333487,0.0014728939859196544
nyu_door_opening_surprising_effectiveness,/Users/avalok/work/Q-TAIL-MVP/data/openx_demo/nyu_door_opening_surprising_effectiveness/nyu_door_opening_surprising_effectiveness-train.tfrecord-00042-of-00064,88660620,18.30032639154269,42.0,64.0,34.0,0.029411764815449715,1.0,0.0,0.019105752930045128,0.09277181327342987,9.0,1.0,0.058823529411764705,1,1,,0.5275766849517822,0.000497044064104557,0.0016228677704930305,0.0004962090170010924,0.001615953748114407
nyu_door_opening_surprising_effectiveness,/Users/avalok/work/Q-TAIL-MVP/data/openx_demo/nyu_door_opening_surprising_effectiveness/nyu_door_opening_surprising_effectiveness-train.tfrecord-00043-of-00064,162822184,18.90816927374737,43.0,64.0,62.0,0.016129031777381897,1.0,0.0,0.01618560217320919,0.07087600231170654,9.0,1.0,0.03225806451612903,1,1,,0.5085358619689941,0.000912804389372468,0.001454338082112372,0.0009083775221370161,0.001442451379261911
nyu_door_opening_surprising_effectiveness,/Users/avalok/work/Q-TAIL-MVP/data/openx_demo/nyu_door_opening_surprising_effectiveness/nyu_door_opening_surprising_effectiveness-train.tfrecord-00044-of-00064,37562570,17.44151866044094,44.0,64.0,34.0,0.029411764815449715,1.0,0.0,0.020227592438459396,0.09439078718423843,9.0,1.0,0.058823529411764705,1,1,,0.5791561007499695,0.00021058112906757742,0.0020963873248547316,0.0002099375706166029,0.0021199213806539774
nyu_door_opening_surprising_effectiveness,/Users/avalok/work/Q-TAIL-MVP/data/openx_demo/nyu_door_opening_surprising_effectiveness/nyu_door_opening_surprising_effectiveness-train.tfrecord-00045-of-00064,129412678,18.67851691822951,45.0,64.0,32.0,0.03125,1.0,0.0,0.020684730261564255,0.09721443057060242,9.0,1.0,0.0625,1,1,,0.5121918320655823,0.0007255059317685664,0.0015050094807520509,0.0007252624491229653,0.001480410690419376
nyu_door_opening_surprising_effectiveness,/Users/avalok/work/Q-TAIL-MVP/data/openx_demo/nyu_door_opening_surprising_effectiveness/nyu_door_opening_surprising_effectiveness-train.tfrecord-00046-of-00064,138604775,18.747137103000842,46.0,64.0,56.0,0.01785714365541935,1.0,0.0,0.01762472465634346,0.07312480360269547,9.0,1.0,0.03571428571428571,1,1,,0.5218669176101685,0.0007770381635054946,0.0016116563929244876,0.0007760740118101239,0.001610852894373238
nyu_door_opening_surprising_effectiveness,/Users/avalok/work/Q-TAIL-MVP/data/openx_demo/nyu_door_opening_surprising_effectiveness/nyu_door_opening_surprising_effectiveness-train.tfrecord-00047-of-00064,97902881,18.399486545269692,47.0,64.0,61.0,0.016393441706895828,1.0,0.0,0.016041994094848633,0.06965737044811249,9.0,1.0,0.03278688524590164,1,1,,0.5448697805404663,0.0005488574970513582,0.0018825678853318095,0.000550046272110194,0.0018706893315538764
nyu_door_opening_surprising_effectiveness,/Users/avalok/work/Q-TAIL-MVP/data/openx_demo/nyu_door_opening_surprising_effectiveness/nyu_door_opening_surprising_effectiveness-train.tfrecord-00048-of-00064,103197262,18.452152889342212,48.0,64.0,30.0,0.03333333507180214,1.0,0.0,0.02165292389690876,0.10190683603286743,9.0,1.0,0.06666666666666667,1,1,,0.5299302339553833,0.0005785385728813708,0.0016675768420100212,0.0005777404876425862,0.0016768689965829253
nyu_door_opening_surprising_effectiveness,/Users/avalok/work/Q-TAIL-MVP/data/openx_demo/nyu_door_opening_surprising_effectiveness/nyu_door_opening_surprising_effectiveness-train.tfrecord-00049-of-00064,118680126,18.591942423490806,49.0,64.0,30.0,0.03333333507180214,1.0,0.0,0.020397620275616646,0.1019412949681282,9.0,1.0,0.06666666666666667,1,1,,0.5244249105453491,0.0006653377204202116,0.001635150401853025,0.0006651031435467303,0.001632738159969449
nyu_door_opening_surprising_effectiveness,/Users/avalok/work/Q-TAIL-MVP/data/openx_demo/nyu_door_opening_surprising_effectiveness/nyu_door_opening_surprising_effectiveness-train.tfrecord-00050-of-00064,121141957,18.612473622503508,50.0,64.0,29.0,0.03448275849223137,1.0,0.0,0.020795265212655067,0.10201766341924667,9.0,1.0,0.06896551724137931,1,1,,0.5247951149940491,0.0006791391060687602,0.0016518866177648306,0.0006790476036258042,0.0016460423357784748
nyu_door_opening_surprising_effectiveness,/Users/avalok/work/Q-TAIL-MVP/data/openx_demo/nyu_door_opening_surprising_effectiveness/nyu_door_opening_surprising_effectiveness-train.tfrecord-00051-of-00064,145358250,18.794711949783874,51.0,64.0,54.0,0.018518518656492233,1.0,0.0,0.01675967127084732,0.07501226663589478,9.0,1.0,0.037037037037037035,1,1,,0.5294466018676758,0.0008148991037160158,0.0017308347159996629,0.0008132524671964347,0.001731575932353735
nyu_door_opening_surprising_effectiveness,/Users/avalok/work/Q-TAIL-MVP/data/openx_demo/nyu_door_opening_surprising_effectiveness/nyu_door_opening_surprising_effectiveness-train.tfrecord-00052-of-00064,87371692,18.285681909447188,52.0,64.0,41.0,0.024390242993831635,1.0,0.0,0.016365014016628265,0.08734837919473648,9.0,1.0,0.04878048780487805,1,1,,0.5540223717689514,0.0004898181650787592,0.0019717293325811625,0.0004904100205749273,0.001930332276970148
nyu_door_opening_surprising_effectiveness,/Users/avalok/work/Q-TAIL-MVP/data/openx_demo/nyu_door_opening_surprising_effectiveness/nyu_door_opening_surprising_effectiveness-train.tfrecord-00053-of-00064,141053503,18.764649837358235,53.0,64.0,47.0,0.021276595070958138,1.0,0.0,0.020842546597123146,0.08217515796422958,9.0,1.0,0.0425531914893617,1,1,,0.5327246785163879,0.0007907660328783095,0.0017525922739878297,0.0007903389050625265,0.0017680047312751412
nyu_door_opening_surprising_effectiveness,/Users/avalok/work/Q-TAIL-MVP/data/openx_demo/nyu_door_opening_surprising_effectiveness/nyu_door_opening_surprising_effectiveness-train.tfrecord-00054-of-00064,171298941,18.958920786976385,54.0,64.0,41.0,0.024390242993831635,1.0,0.0,0.014704973436892033,0.08055561780929565,9.0,1.0,0.04878048780487805,1,1,,0.5213149785995483,0.0009603262878954411,0.0016504444647580385,0.0009593734284862876,0.0016687819734215736
nyu_door_opening_surprising_effectiveness,/Users/avalok/work/Q-TAIL-MVP/data/openx_demo/nyu_door_opening_surprising_effectiveness/nyu_door_opening_surprising_effectiveness-train.tfrecord-00055-of-00064,86806759,18.279195056782406,55.0,64.0,35.0,0.02857142873108387,1.0,0.0,0.018697507679462433,0.09404514729976654,9.0,1.0,0.05714285714285714,1,1,,0.5577826499938965,0.00048665108624845743,0.0019920675549656153,0.00048714998411014676,0.001966779585927725
nyu_door_opening_surprising_effectiveness,/Users/avalok/work/Q-TAIL-MVP/data/openx_demo/nyu_door_opening_surprising_effectiveness/nyu_door_opening_surprising_effectiveness-train.tfrecord-00056-of-00064,38963705,17.47814115541797,56.0,64.0,35.0,0.02857142873108387,1.0,0.0,0.017576517537236214,0.09137029945850372,9.0,1.0,0.05714285714285714,1,1,,0.6039230227470398,0.00021843609283678234,0.002404614584520459,0.0002186599449487403,0.002411493333056569
nyu_door_opening_surprising_effectiveness,/Users/avalok/work/Q-TAIL-MVP/data/openx_demo/nyu_door_opening_surprising_effectiveness/nyu_door_opening_surprising_effectiveness-train.tfrecord-00057-of-00064,121937066,18.619015625341813,57.0,64.0,41.0,0.024390242993831635,1.0,0.0,0.015991609543561935,0.0842481255531311,9.0,1.0,0.04878048780487805,1,1,,0.5466085076332092,0.0006835965905338526,0.0019266309682279825,0.0006845176685601473,0.00190155825112015
nyu_door_opening_surprising_effectiveness,/Users/avalok/work/Q-TAIL-MVP/data/openx_demo/nyu_door_opening_surprising_effectiveness/nyu_door_opening_surprising_effectiveness-train.tfrecord-00058-of-00064,69952634,18.063328928130392,58.0,64.0,57.0,0.017543859779834747,1.0,0.0,0.017236249521374702,0.07205574214458466,9.0,1.0,0.03508771929824561,1,1,,0.5860267281532288,0.000392164452932775,0.0022608607541769743,0.0003927061625290662,0.002283132867887616
nyu_door_opening_surprising_effectiveness,/Users/avalok/work/Q-TAIL-MVP/data/openx_demo/nyu_door_opening_surprising_effectiveness/nyu_door_opening_surprising_effectiveness-train.tfrecord-00059-of-00064,145572151,18.796182411697355,59.0,64.0,33.0,0.03030303120613098,1.0,0.0,0.018207048997282982,0.09693031013011932,9.0,1.0,0.06060606060606061,1,1,,0.5369534492492676,0.0008160982397384942,0.001812351867556572,0.0008185211918316782,0.0018328159349039197
nyu_door_opening_surprising_effectiveness,/Users/avalok/work/Q-TAIL-MVP/data/openx_demo/nyu_door_opening_surprising_effectiveness/nyu_door_opening_surprising_effectiveness-train.tfrecord-00060-of-00064,35683444,17.390197413705756,60.0,64.0,30.0,0.03333333507180214,1.0,0.0,0.021177491173148155,0.10152281075716019,9.0,1.0,0.06666666666666667,1,1,,0.6144992709159851,0.00020004647376481444,0.0025560283102095127,0.0002013942284975201,0.0025549607817083597
nyu_door_opening_surprising_effectiveness,/Users/avalok/work/Q-TAIL-MVP/data/openx_demo/nyu_door_opening_surprising_effectiveness/nyu_door_opening_surprising_effectiveness-train.tfrecord-00061-of-00064,156077243,18.865861596511753,61.0,64.0,40.0,0.02500000037252903,1.0,0.0,0.016022836789488792,0.08369696885347366,9.0,1.0,0.05,1,1,,0.5412828326225281,0.0008749912958592176,0.0018391074845567346,0.000875738391187042,0.001897219568490982
nyu_door_opening_surprising_effectiveness,/Users/avalok/work/Q-TAIL-MVP/data/openx_demo/nyu_door_opening_surprising_effectiveness/nyu_door_opening_surprising_effectiveness-train.tfrecord-00062-of-00064,178735083,19.00141528990272,62.0,64.0,57.0,0.017543859779834747,1.0,0.0,0.01677408255636692,0.07263702899217606,9.0,1.0,0.03508771929824561,1,1,,0.5432524681091309,0.0010020143818110228,0.0019764124881476164,0.0009951418032869697,0.001967661315575242
nyu_door_opening_surprising_effectiveness,/Users/avalok/work/Q-TAIL-MVP/data/openx_demo/nyu_door_opening_surprising_effectiveness/nyu_door_opening_surprising_effectiveness-train.tfrecord-00063-of-00064,121077797,18.611943855629328,63.0,64.0,29.0,0.03448275849223137,1.0,0.0,0.020434575155377388,0.10198795795440674,9.0,1.0,0.06896551724137931,1,1,,0.5532570481300354,0.0006787793827243149,0.0019975437317043543,0.0006818982656113803,0.0019966501276940107
ucsd_kitchen_dataset_converted_externally_to_rlds,/Users/avalok/work/Q-TAIL-MVP/data/openx_demo/ucsd_kitchen_dataset_converted_externally_to_rlds/0.1.0/ucsd_kitchen_dataset_converted_externally_to_rlds-train.tfrecord-00000-of-00016,48239521,17.691689201544726,0.0,16.0,36.0,0.02777777798473835,1.0,1.0,142.14930725097656,167.82765197753906,18.0,1.0,0.027777777777777776,1,1,,0.6235288381576538,0.0002704376238398254,0.002704179845750332,0.0002759657218120992,0.002691390924155712
ucsd_kitchen_dataset_converted_externally_to_rlds,/Users/avalok/work/Q-TAIL-MVP/data/openx_demo/ucsd_kitchen_dataset_converted_externally_to_rlds/0.1.0/ucsd_kitchen_dataset_converted_externally_to_rlds-train.tfrecord-00001-of-00016,86196457,18.272139644302445,1.0,16.0,30.0,0.03333333507180214,1.0,1.0,98.90625,163.17581176757812,39.0,1.0,0.03333333333333333,1,1,,0.6047265529632568,0.0004832296399399638,0.0025295366067439318,0.00048144409083761275,0.002513401210308075
ucsd_kitchen_dataset_converted_externally_to_rlds,/Users/avalok/work/Q-TAIL-MVP/data/openx_demo/ucsd_kitchen_dataset_converted_externally_to_rlds/0.1.0/ucsd_kitchen_dataset_converted_externally_to_rlds-train.tfrecord-00002-of-00016,93583153,18.354360946617245,2.0,16.0,18.0,0.0555555559694767,1.0,1.0,119.84722137451172,163.0089874267578,31.0,1.0,0.05555555555555555,1,1,,0.5964799523353577,0.0005246404907666147,0.002337179146707058,0.0005208981456235051,0.0022897967137396336
ucsd_kitchen_dataset_converted_externally_to_rlds,/Users/avalok/work/Q-TAIL-MVP/data/openx_demo/ucsd_kitchen_dataset_converted_externally_to_rlds/0.1.0/ucsd_kitchen_dataset_converted_externally_to_rlds-train.tfrecord-00003-of-00016,36320949,17.407905267742958,3.0,16.0,31.0,0.032258063554763794,1.0,1.0,117.15927124023438,130.7848663330078,29.0,1.0,0.03225806451612903,1,1,,0.6655967831611633,0.00020362042414490134,0.004240973852574825,0.00020111245976295322,0.004258301574736834
ucsd_kitchen_dataset_converted_externally_to_rlds,/Users/avalok/work/Q-TAIL-MVP/data/openx_demo/ucsd_kitchen_dataset_converted_externally_to_rlds/0.1.0/ucsd_kitchen_dataset_converted_externally_to_rlds-train.tfrecord-00004-of-00016,86650802,18.27739684124971,4.0,16.0,26.0,0.03846153989434242,1.0,1.0,159.80047607421875,215.94772338867188,18.0,1.0,0.038461538461538464,1,1,,0.6222667694091797,0.00048577674897387624,0.0027447259053587914,0.00048587413039058447,0.0026612477377057076
ucsd_kitchen_dataset_converted_externally_to_rlds,/Users/avalok/work/Q-TAIL-MVP/data/openx_demo/ucsd_kitchen_dataset_converted_externally_to_rlds/0.1.0/ucsd_kitchen_dataset_converted_externally_to_rlds-train.tfrecord-00005-of-00016,138492061,18.74632356786973,5.0,16.0,30.0,0.03333333507180214,1.0,1.0,150.93333435058594,203.76060485839844,18.0,1.0,0.03333333333333333,1,1,,0.6074134111404419,0.000776406261138618,0.0026221286971122026,0.0007832235423848033,0.0026852539740502834
ucsd_kitchen_dataset_converted_externally_to_rlds,/Users/avalok/work/Q-TAIL-MVP/data/openx_demo/ucsd_kitchen_dataset_converted_externally_to_rlds/0.1.0/ucsd_kitchen_dataset_converted_externally_to_rlds-train.tfrecord-00006-of-00016,74627695,18.128022256327647,6.0,16.0,22.0,0.04545454680919647,1.0,1.0,121.00283813476562,164.8874053955078,31.0,1.0,0.045454545454545456,1,1,,0.6481063961982727,0.00041837349999696016,0.003175516612827778,0.00041553526534698904,0.0033026377204805613
ucsd_kitchen_dataset_converted_externally_to_rlds,/Users/avalok/work/Q-TAIL-MVP/data/openx_demo/ucsd_kitchen_dataset_converted_externally_to_rlds/0.1.0/ucsd_kitchen_dataset_converted_externally_to_rlds-train.tfrecord-00007-of-00016,76455906,18.152224753541518,7.0,16.0,21.0,0.0476190485060215,1.0,1.0,114.57441711425781,154.7791748046875,18.0,1.0,0.047619047619047616,1,1,,0.6465708613395691,0.0004286227049306035,0.003172156400978565,0.0004279608838260174,0.0032301712781190872
ucsd_kitchen_dataset_converted_externally_to_rlds,/Users/avalok/work/Q-TAIL-MVP/data/openx_demo/ucsd_kitchen_dataset_converted_externally_to_rlds/0.1.0/ucsd_kitchen_dataset_converted_externally_to_rlds-train.tfrecord-00008-of-00016,96840206,18.388572827578315,8.0,16.0,23.0,0.043478261679410934,1.0,1.0,127.5543441772461,160.6611785888672,29.0,1.0,0.043478260869565216,1,1,,0.6514062285423279,0.0005429000011645257,0.003399134147912264,0.0005403496325016022,0.0034399698488414288
ucsd_kitchen_dataset_converted_externally_to_rlds,/Users/avalok/work/Q-TAIL-MVP/data/openx_demo/ucsd_kitchen_dataset_converted_externally_to_rlds/0.1.0/ucsd_kitchen_dataset_converted_externally_to_rlds-train.tfrecord-00009-of-00016,146484644,18.802431168641515,9.0,16.0,26.0,0.03846153989434242,1.0,1.0,136.50302124023438,173.16297912597656,18.0,1.0,0.038461538461538464,1,1,,0.6345755457878113,0.0008212138200178742,0.0031669458840042353,0.0008206771453842521,0.0031579944770783186
ucsd_kitchen_dataset_converted_externally_to_rlds,/Users/avalok/work/Q-TAIL-MVP/data/openx_demo/ucsd_kitchen_dataset_converted_externally_to_rlds/0.1.0/ucsd_kitchen_dataset_converted_externally_to_rlds-train.tfrecord-00010-of-00016,73746394,18.11614267063354,10.0,16.0,23.0,0.043478261679410934,1.0,1.0,116.79891204833984,157.18943786621094,29.0,1.0,0.043478260869565216,1,1,,0.6831889748573303,0.0004134328046347946,0.004890971817076206,0.00041229251655749977,0.004709998611360788
ucsd_kitchen_dataset_converted_externally_to_rlds,/Users/avalok/work/Q-TAIL-MVP/data/openx_demo/ucsd_kitchen_dataset_converted_externally_to_rlds/0.1.0/ucsd_kitchen_dataset_converted_externally_to_rlds-train.tfrecord-00011-of-00016,114767703,18.558420678228895,11.0,16.0,20.0,0.05000000074505806,1.0,1.0,132.84573364257812,170.76840209960938,18.0,1.0,0.05,1,1,,0.659883975982666,0.0006434041424654424,0.0037022067699581385,0.0006419413257390261,0.003658641828224063
ucsd_kitchen_dataset_converted_externally_to_rlds,/Users/avalok/work/Q-TAIL-MVP/data/openx_demo/ucsd_kitchen_dataset_converted_externally_to_rlds/0.1.0/ucsd_kitchen_dataset_converted_externally_to_rlds-train.tfrecord-00012-of-00016,138913661,18.749363161419005,12.0,16.0,22.0,0.04545454680919647,1.0,1.0,128.66766357421875,164.28440856933594,18.0,1.0,0.045454545454545456,1,1,,0.6595941781997681,0.0007787697832100093,0.003723976667970419,0.0007759377476759255,0.0037281804252415895
ucsd_kitchen_dataset_converted_externally_to_rlds,/Users/avalok/work/Q-TAIL-MVP/data/openx_demo/ucsd_kitchen_dataset_converted_externally_to_rlds/0.1.0/ucsd_kitchen_dataset_converted_externally_to_rlds-train.tfrecord-00013-of-00016,61677631,17.937431894783277,13.0,16.0,18.0,0.0555555559694767,1.0,1.0,118.84722137451172,158.7459716796875,18.0,1.0,0.05555555555555555,1,1,,0.7081654071807861,0.00034577358746901155,0.005798672791570425,0.0003507112560328096,0.005819880869239569
ucsd_kitchen_dataset_converted_externally_to_rlds,/Users/avalok/work/Q-TAIL-MVP/data/openx_demo/ucsd_kitchen_dataset_converted_externally_to_rlds/0.1.0/ucsd_kitchen_dataset_converted_externally_to_rlds-train.tfrecord-00014-of-00016,97418361,18.39452527240538,14.0,16.0,22.0,0.04545454680919647,1.0,1.0,123.53125,162.3870086669922,33.0,1.0,0.045454545454545456,1,1,,0.7043171525001526,0.0005461412365548313,0.005481278523802757,0.000550895812921226,0.0055333939380943775
ucsd_kitchen_dataset_converted_externally_to_rlds,/Users/avalok/work/Q-TAIL-MVP/data/openx_demo/ucsd_kitchen_dataset_converted_externally_to_rlds/0.1.0/ucsd_kitchen_dataset_converted_externally_to_rlds-train.tfrecord-00015-of-00016,52900560,17.78392450168723,15.0,16.0,29.0,0.03448275849223137,1.0,1.0,158.90516662597656,204.64060974121094,18.0,1.0,0.034482758620689655,1,1,,0.7474110722541809,0.00029656809056177735,0.007409523706883192,0.00029533368069678545,0.007411636412143707
